Class,Category,BaseType,Min,Max,Value
Stackable Currency,DeliriumOrb,Abyssal Delirium Orb,10,,
Stackable Currency,DeliriumOrb,Amorphous Delirium Orb,10,,
Stackable Currency,DeliriumOrb,Armoursmith's Delirium Orb,10,,
Stackable Currency,DeliriumOrb,Blacksmith's Delirium Orb,10,,
Stackable Currency,DeliriumOrb,Blighted Delirium Orb,10,,
Stackable Currency,DeliriumOrb,Cartographer's Delirium Orb,10,,
Stackable Currency,DeliriumOrb,Decadent Delirium Orb,10,,
Stackable Currency,DeliriumOrb,Diviner's Delirium Orb,10,,
Stackable Currency,DeliriumOrb,Fine Delirium Orb,10,,
Stackable Currency,DeliriumOrb,Foreboding Delirium Orb,10,,
Stackable Currency,DeliriumOrb,Fossilised Delirium Orb,10,,
Stackable Currency,DeliriumOrb,Fragmented Delirium Orb,10,,
Stackable Currency,DeliriumOrb,Imperial Delirium Orb,10,,
Stackable Currency,DeliriumOrb,Jeweller's Delirium Orb,10,,
Stackable Currency,DeliriumOrb,Obscured Delirium Orb,10,,
Stackable Currency,DeliriumOrb,Portentous Delirium Orb,10,,
Stackable Currency,DeliriumOrb,Primal Delirium Orb,10,,
Stackable Currency,DeliriumOrb,Singular Delirium Orb,10,,
Stackable Currency,DeliriumOrb,Skittering Delirium Orb,10,,
Stackable Currency,DeliriumOrb,Thaumaturge's Delirium Orb,10,,
Stackable Currency,DeliriumOrb,Timeless Delirium Orb,10,,
Stackable Currency,DeliriumOrb,Whispering Delirium Orb,10,,
Divination Card,DivinationCard,A Dab of Ink,,,
Divination Card,DivinationCard,A Familiar Call,,,
Divination Card,DivinationCard,A Modest Request,,,
Divination Card,DivinationCard,A Mother's Parting Gift,,0.5,
Divination Card,DivinationCard,A Note in the Wind,35,,
Divination Card,DivinationCard,Abandoned Wealth,35,,
Divination Card,DivinationCard,Acclimatisation,1,4,
Divination Card,DivinationCard,Akil's Prophecy,,,
Divination Card,DivinationCard,Alluring Bounty,150,,
Divination Card,DivinationCard,Alone in the Darkness,,,
Divination Card,DivinationCard,Anarchy's Price,,,
Divination Card,DivinationCard,Arrogance of the Vaal,,,
Divination Card,DivinationCard,Assassin's Favour,,,
Divination Card,DivinationCard,Atziri's Arsenal,,,
Divination Card,DivinationCard,Audacity,,,
Divination Card,DivinationCard,Azyran's Reward,5,,
Divination Card,DivinationCard,Baited Expectations,,,
Divination Card,DivinationCard,Beauty Through Death,60,,
Divination Card,DivinationCard,Birth of the Three,,,
Divination Card,DivinationCard,Blessing of God,5,,
Divination Card,DivinationCard,Blind Venture,,,
Divination Card,DivinationCard,Boon of Justice,,0.5,
Divination Card,DivinationCard,Boon of the First Ones,,,
Divination Card,DivinationCard,Boundless Realms,,,
Divination Card,DivinationCard,Bowyer's Dream,,,
Divination Card,DivinationCard,Broken Promises,,,
Divination Card,DivinationCard,Brother's Stash,300,,
Divination Card,DivinationCard,Brotherhood in Exile,,,
Divination Card,DivinationCard,"Brush, Paint and Palette",,,
Divination Card,DivinationCard,Buried Treasure,,,
Divination Card,DivinationCard,Burning Blood,5,,
Divination Card,DivinationCard,Call to the First Ones,,,
Divination Card,DivinationCard,Cameria's Cut,,,
Divination Card,DivinationCard,Cartographer's Delight,,0.5,
Divination Card,DivinationCard,Chaotic Disposition,5,5,
Divination Card,DivinationCard,Council of Cats,,,
Divination Card,DivinationCard,Coveted Possession,,0.5,
Divination Card,DivinationCard,Cursed Words,,,
Divination Card,DivinationCard,Dark Dreams,,,
Divination Card,DivinationCard,Dark Temptation,,,
Divination Card,DivinationCard,Deadly Joy,100,,
Divination Card,DivinationCard,Death,,,
Divination Card,DivinationCard,Deathly Designs,,,
Divination Card,DivinationCard,Demigod's Wager,1,,
Divination Card,DivinationCard,Desecrated Virtue,50,,
Divination Card,DivinationCard,Destined to Crumble,,0.5,
Divination Card,DivinationCard,Dialla's Subjugation,,,
Divination Card,DivinationCard,Divine Justice,,,
Divination Card,DivinationCard,Doedre's Madness,,,
Divination Card,DivinationCard,Draped in Dreams,15,,
Divination Card,DivinationCard,Dying Anguish,,,
Divination Card,DivinationCard,Dying Light,,,
Divination Card,DivinationCard,Earth Drinker,,,
Divination Card,DivinationCard,Echoes of Love,,,
Divination Card,DivinationCard,Emperor of Purity,,,
Divination Card,DivinationCard,Emperor's Luck,0.5,1,
Divination Card,DivinationCard,Etched in Blood,,,
Divination Card,DivinationCard,Fateful Meeting,,,
Divination Card,DivinationCard,Forbidden Power,,,
Divination Card,DivinationCard,Friendship,,,
Divination Card,DivinationCard,Gemcutter's Promise,,,
Divination Card,DivinationCard,Gift of Asenath,75,,
Divination Card,DivinationCard,Gift of the Gemling Queen,,,
Divination Card,DivinationCard,Glimmer of Hope,,,
Divination Card,DivinationCard,Grave Knowledge,,,
Divination Card,DivinationCard,Harmony of Souls,,,
Divination Card,DivinationCard,Haunting Shadows,,,
Divination Card,DivinationCard,Her Mask,,0.5,
Divination Card,DivinationCard,Heterochromia,,,
Divination Card,DivinationCard,Hope,,,
Divination Card,DivinationCard,House of Mirrors,2500,,
Divination Card,DivinationCard,Hubris,,,
Divination Card,DivinationCard,Humility,,,
Divination Card,DivinationCard,Hunter's Resolve,,,
Divination Card,DivinationCard,Hunter's Reward,60,,
Divination Card,DivinationCard,Immortal Resolve,75,,
Divination Card,DivinationCard,Imperial Legacy,,,
Divination Card,DivinationCard,Jack in the Box,,,
Divination Card,DivinationCard,Keeper's Corruption,50,,
Divination Card,DivinationCard,Lantador's Lost Love,,0.2,
Divination Card,DivinationCard,Last Hope,,,
Divination Card,DivinationCard,Left to Fate,,,
Divination Card,DivinationCard,Light and Truth,,,
Divination Card,DivinationCard,Lingering Remnants,,,
Divination Card,DivinationCard,Lost Worlds,,,
Divination Card,DivinationCard,Love Through Ice,50,,
Divination Card,DivinationCard,Loyalty,,0.5,
Divination Card,DivinationCard,Luck of the Vaal,,,
Divination Card,DivinationCard,Lucky Connections,1,4,
Divination Card,DivinationCard,Lucky Deck,,,
Divination Card,DivinationCard,Luminous Trove,50,,
Divination Card,DivinationCard,Lysah's Respite,,,
Divination Card,DivinationCard,Mawr Blaidd,,,
Divination Card,DivinationCard,Merciless Armament,,,
Divination Card,DivinationCard,Might is Right,,,
Divination Card,DivinationCard,Mitts,,,
Divination Card,DivinationCard,Monochrome,,,
Divination Card,DivinationCard,More is Never Enough,,,
Divination Card,DivinationCard,No Traces,1,3,
Divination Card,DivinationCard,Nook's Crown,50,,
Divination Card,DivinationCard,Peaceful Moments,,,
Divination Card,DivinationCard,Perfection,,,
Divination Card,DivinationCard,Prejudice,,,
Divination Card,DivinationCard,Pride Before the Fall,,,
Divination Card,DivinationCard,Pride of the First Ones,65,,
Divination Card,DivinationCard,Prometheus' Armoury,,,
Divination Card,DivinationCard,Prosperity,,0.2,
Divination Card,DivinationCard,Rain of Chaos,0.125,0.125,
Divination Card,DivinationCard,Rain Tempter,,,
Divination Card,DivinationCard,Rats,,,
Divination Card,DivinationCard,Rebirth,,,
Divination Card,DivinationCard,Reckless Ambition,,,
Divination Card,DivinationCard,Remembrance,,,
Divination Card,DivinationCard,Sambodhi's Vow,,,
Divination Card,DivinationCard,Sambodhi's Wisdom,,,
Divination Card,DivinationCard,Scholar of the Seas,,,
Divination Card,DivinationCard,Seven Years Bad Luck,75,,
Divination Card,DivinationCard,Shard of Fate,,0.5,
Divination Card,DivinationCard,Society's Remorse,0.5,2,
Divination Card,DivinationCard,Squandered Prosperity,,,
Divination Card,DivinationCard,Struck by Lightning,,0.2,
Divination Card,DivinationCard,Succor of the Sinless,75,,
Divination Card,DivinationCard,The Academic,5,,
Divination Card,DivinationCard,The Admirer,,,
Divination Card,DivinationCard,The Adventuring Spirit,,,
Divination Card,DivinationCard,The Aesthete,,,
Divination Card,DivinationCard,The Archmage's Right Hand,,,
Divination Card,DivinationCard,The Arena Champion,,,
Divination Card,DivinationCard,The Army of Blood,,,
Divination Card,DivinationCard,The Artist,,,
Divination Card,DivinationCard,The Astromancer,5,,
Divination Card,DivinationCard,The Avenger,,,
Divination Card,DivinationCard,The Awakened,,,
Divination Card,DivinationCard,The Bargain,,,
Divination Card,DivinationCard,The Battle Born,,,
Divination Card,DivinationCard,The Bear Woman,,,
Divination Card,DivinationCard,The Beast,,,
Divination Card,DivinationCard,The Betrayal,,,
Divination Card,DivinationCard,The Bitter Blossom,,,
Divination Card,DivinationCard,The Blazing Fire,,,
Divination Card,DivinationCard,The Body,,,
Divination Card,DivinationCard,The Bones,,,
Divination Card,DivinationCard,The Breach,,,
Divination Card,DivinationCard,The Brittle Emperor,,,
Divination Card,DivinationCard,The Cache,,,
Divination Card,DivinationCard,The Cacophony,,,
Divination Card,DivinationCard,The Calling,,,
Divination Card,DivinationCard,The Card Sharp,,,
Divination Card,DivinationCard,The Carrion Crow,,0.2,
Divination Card,DivinationCard,The Cartographer,,5,
Divination Card,DivinationCard,The Cataclysm,,,
Divination Card,DivinationCard,The Catalyst,0.5,2,
Divination Card,DivinationCard,The Celestial Justicar,5,,
Divination Card,DivinationCard,The Celestial Stone,,,
Divination Card,DivinationCard,The Chains that Bind,,,
Divination Card,DivinationCard,The Cheater,100,,
Divination Card,DivinationCard,The Chosen,,,
Divination Card,DivinationCard,The Coming Storm,,,
Divination Card,DivinationCard,The Conduit,,,
Divination Card,DivinationCard,The Cursed King,,,
Divination Card,DivinationCard,The Damned,,,
Divination Card,DivinationCard,The Dapper Prodigy,,,
Divination Card,DivinationCard,The Dark Mage,,,
Divination Card,DivinationCard,The Darkest Dream,,,
Divination Card,DivinationCard,The Deal,,,
Divination Card,DivinationCard,The Deceiver,,,
Divination Card,DivinationCard,The Deep Ones,,,
Divination Card,DivinationCard,The Demon,1200,,
Divination Card,DivinationCard,The Demoness,,,
Divination Card,DivinationCard,The Devastator,,,
Divination Card,DivinationCard,The Doctor,1500,,
Divination Card,DivinationCard,The Doppelganger,,0.5,
Divination Card,DivinationCard,The Dragon,,,
Divination Card,DivinationCard,The Dragon's Heart,15,,
Divination Card,DivinationCard,The Dreamer,,,
Divination Card,DivinationCard,The Dreamland,,,
Divination Card,DivinationCard,The Drunken Aristocrat,,,
Divination Card,DivinationCard,The Easy Stroll,,,
Divination Card,DivinationCard,The Eldritch Decay,,,
Divination Card,DivinationCard,The Encroaching Darkness,,,
Divination Card,DivinationCard,The Endless Darkness,,,
Divination Card,DivinationCard,The Endurance,,,
Divination Card,DivinationCard,The Enlightened,5,,
Divination Card,DivinationCard,The Enthusiasts,,,
Divination Card,DivinationCard,The Escape,5,,
Divination Card,DivinationCard,The Eternal War,5,,
Divination Card,DivinationCard,The Ethereal,,,
Divination Card,DivinationCard,The Explorer,,,
Divination Card,DivinationCard,The Eye of Terror,25,,
Divination Card,DivinationCard,The Eye of the Dragon,,,
Divination Card,DivinationCard,The Fathomless Depths,,,
Divination Card,DivinationCard,The Feast,,,
Divination Card,DivinationCard,The Fiend,1000,,
Divination Card,DivinationCard,The Fishmonger,,,
Divination Card,DivinationCard,The Fletcher,,,
Divination Card,DivinationCard,The Flora's Gift,,,
Divination Card,DivinationCard,The Fool,0.5,2,
Divination Card,DivinationCard,The Formless Sea,,,
Divination Card,DivinationCard,The Forsaken,,,
Divination Card,DivinationCard,The Fox,,,
Divination Card,DivinationCard,The Gambler,,0.5,
Divination Card,DivinationCard,The Garish Power,,,
Divination Card,DivinationCard,The Gemcutter,0.5,1,
Divination Card,DivinationCard,The Gentleman,,,
Divination Card,DivinationCard,The Gladiator,,,
Divination Card,DivinationCard,The Golden Era,,,
Divination Card,DivinationCard,The Greatest Intentions,35,,
Divination Card,DivinationCard,The Gulf,5,,
Divination Card,DivinationCard,The Hale Heart,,,
Divination Card,DivinationCard,The Harvester,,,
Divination Card,DivinationCard,The Hermit,,0.5,
Divination Card,DivinationCard,The Heroic Shot,1,4,
Divination Card,DivinationCard,The Hive of Knowledge,,,
Divination Card,DivinationCard,The Hoarder,,,
Divination Card,DivinationCard,The Hook,,,
Divination Card,DivinationCard,The Hunger,,,
Divination Card,DivinationCard,The Immortal,250,,
Divination Card,DivinationCard,The Incantation,,,
Divination Card,DivinationCard,The Innocent,3,8,
Divination Card,DivinationCard,The Inoculated,,0.2,
Divination Card,DivinationCard,The Insatiable,,,
Divination Card,DivinationCard,The Inventor,1,3,
Divination Card,DivinationCard,The Iron Bard,80,,
Divination Card,DivinationCard,The Jester,,,
Divination Card,DivinationCard,The Jeweller's Boon,,,
Divination Card,DivinationCard,The Journalist,,,
Divination Card,DivinationCard,The Journey,,,
Divination Card,DivinationCard,The King's Blade,,,
Divination Card,DivinationCard,The King's Heart,,,
Divination Card,DivinationCard,The Landing,,,
Divination Card,DivinationCard,The Last One Standing,,,
Divination Card,DivinationCard,The Lich,,,
Divination Card,DivinationCard,The Life Thief,,,
Divination Card,DivinationCard,The Lion,,,
Divination Card,DivinationCard,The Long Con,45,,
Divination Card,DivinationCard,The Long Watch,,,
Divination Card,DivinationCard,The Lord in Black,,0.5,
Divination Card,DivinationCard,The Lord of Celebration,,,
Divination Card,DivinationCard,The Lover,,0.2,
Divination Card,DivinationCard,The Lunaris Priestess,,,
Divination Card,DivinationCard,The Mad King,,,
Divination Card,DivinationCard,The Master,,,
Divination Card,DivinationCard,The Master Artisan,0.5,,
Divination Card,DivinationCard,The Mayor,,,
Divination Card,DivinationCard,The Mercenary,,,
Divination Card,DivinationCard,The Messenger,,,
Divination Card,DivinationCard,The Metalsmith's Gift,,0.2,
Divination Card,DivinationCard,The Mountain,,0.5,
Divination Card,DivinationCard,The Nurse,180,,
Divination Card,DivinationCard,The Oath,,,
Divination Card,DivinationCard,The Obscured,,,
Divination Card,DivinationCard,The Offering,,,
Divination Card,DivinationCard,The Old Man,,,
Divination Card,DivinationCard,The One With All,,,
Divination Card,DivinationCard,The Opulent,,,
Divination Card,DivinationCard,The Pack Leader,,,
Divination Card,DivinationCard,The Pact,5,,
Divination Card,DivinationCard,The Patient,20,,
Divination Card,DivinationCard,The Penitent,,,
Divination Card,DivinationCard,The Poet,,,
Divination Card,DivinationCard,The Polymath,,,
Divination Card,DivinationCard,The Porcupine,,,
Divination Card,DivinationCard,The Price of Loyalty,40,,
Divination Card,DivinationCard,The Price of Protection,,,
Divination Card,DivinationCard,The Primordial,,,
Divination Card,DivinationCard,The Professor,,,
Divination Card,DivinationCard,The Progeny of Lunaris,40,,
Divination Card,DivinationCard,The Puzzle,,0.5,
Divination Card,DivinationCard,The Queen,,,
Divination Card,DivinationCard,The Rabid Rhoa,,0.2,
Divination Card,DivinationCard,The Realm,,,
Divination Card,DivinationCard,The Risk,,,
Divination Card,DivinationCard,The Rite of Elements,,,
Divination Card,DivinationCard,The Road to Power,,,
Divination Card,DivinationCard,The Ruthless Ceinture,,,
Divination Card,DivinationCard,The Sacrifice,15,,
Divination Card,DivinationCard,The Saint's Treasure,10,,
Divination Card,DivinationCard,The Samurai's Eye,40,,
Divination Card,DivinationCard,The Scarred Meadow,,,
Divination Card,DivinationCard,The Scavenger,,,
Divination Card,DivinationCard,The Scholar,,0.5,
Divination Card,DivinationCard,The Seeker,,,
Divination Card,DivinationCard,The Sephirot,,,
Divination Card,DivinationCard,The Shortcut,,,
Divination Card,DivinationCard,The Side Quest,,,
Divination Card,DivinationCard,The Sigil,,,
Divination Card,DivinationCard,The Siren,,,
Divination Card,DivinationCard,The Skeleton,,,
Divination Card,DivinationCard,The Soul,,,
Divination Card,DivinationCard,The Spark and the Flame,40,,
Divination Card,DivinationCard,The Spoiled Prince,,,
Divination Card,DivinationCard,The Standoff,,,
Divination Card,DivinationCard,The Stormcaller,,,
Divination Card,DivinationCard,The Strategist,5,,
Divination Card,DivinationCard,The Summoner,,,
Divination Card,DivinationCard,The Sun,,,
Divination Card,DivinationCard,The Surgeon,,0.2,
Divination Card,DivinationCard,The Surveyor,,,
Divination Card,DivinationCard,The Survivalist,0.5,2,
Divination Card,DivinationCard,The Sustenance,5,,
Divination Card,DivinationCard,The Sword King's Salute,,,
Divination Card,DivinationCard,The Thaumaturgist,,,
Divination Card,DivinationCard,The Throne,,,
Divination Card,DivinationCard,The Tinkerer's Table,,,
Divination Card,DivinationCard,The Tower,,,
Divination Card,DivinationCard,The Traitor,,,
Divination Card,DivinationCard,The Trial,,,
Divination Card,DivinationCard,The Tumbleweed,,,
Divination Card,DivinationCard,The Twilight Moon,,,
Divination Card,DivinationCard,The Twins,,,
Divination Card,DivinationCard,The Tyrant,,,
Divination Card,DivinationCard,The Undaunted,,,
Divination Card,DivinationCard,The Undisputed,,,
Divination Card,DivinationCard,The Unexpected Prize,,,
Divination Card,DivinationCard,The Union,,,
Divination Card,DivinationCard,The Valkyrie,,,
Divination Card,DivinationCard,The Valley of Steel Boxes,,,
Divination Card,DivinationCard,The Vast,,,
Divination Card,DivinationCard,The Visionary,,,
Divination Card,DivinationCard,The Void,,,
Divination Card,DivinationCard,The Warden,,0.2,
Divination Card,DivinationCard,The Warlord,,,
Divination Card,DivinationCard,The Watcher,,,
Divination Card,DivinationCard,The Web,,,
Divination Card,DivinationCard,The White Knight,65,,
Divination Card,DivinationCard,The Whiteout,,,
Divination Card,DivinationCard,The Wilted Rose,,,
Divination Card,DivinationCard,The Wind,,,
Divination Card,DivinationCard,The Witch,,,
Divination Card,DivinationCard,The Wolf,,,
Divination Card,DivinationCard,The Wolf's Legacy,,,
Divination Card,DivinationCard,The Wolf's Shadow,,,
Divination Card,DivinationCard,The Wolven King's Bite,,,
Divination Card,DivinationCard,The Wolverine,,,
Divination Card,DivinationCard,The World Eater,5,,
Divination Card,DivinationCard,The Wrath,1,1.25,
Divination Card,DivinationCard,The Wretched,,,
Divination Card,DivinationCard,Thirst for Knowledge,,,
Divination Card,DivinationCard,Three Faces in the Dark,0.5,0.5,
Divination Card,DivinationCard,Three Voices,0.5,5,
Divination Card,DivinationCard,Thunderous Skies,,0.2,
Divination Card,DivinationCard,Time-Lost Relic,,,
Divination Card,DivinationCard,Tranquillity,,,
Divination Card,DivinationCard,Treasure Hunter,,,
Divination Card,DivinationCard,Triskaidekaphobia,,,
Divination Card,DivinationCard,Turn the Other Cheek,,0.2,
Divination Card,DivinationCard,Unchained,,,
Divination Card,DivinationCard,Underground Forest,,,
Divination Card,DivinationCard,Unrequited Love,500,,
Divination Card,DivinationCard,Vanity,,,
Divination Card,DivinationCard,Vile Power,,,
Divination Card,DivinationCard,Vinia's Token,0.5,3,
Divination Card,DivinationCard,Void of the Elements,5,,
Divination Card,DivinationCard,Volatile Power,,,
Divination Card,DivinationCard,Wealth and Power,45,,
Divination Card,DivinationCard,Winter's Embrace,5,,
Stackable Currency,Essence,Deafening Essence of Anger,2,,
Stackable Currency,Essence,Deafening Essence of Anguish,2,,
Stackable Currency,Essence,Deafening Essence of Contempt,2,,
Stackable Currency,Essence,Deafening Essence of Doubt,2,,
Stackable Currency,Essence,Deafening Essence of Dread,2,,
Stackable Currency,Essence,Deafening Essence of Envy,2,,
Stackable Currency,Essence,Deafening Essence of Fear,2,,
Stackable Currency,Essence,Deafening Essence of Greed,2,,
Stackable Currency,Essence,Deafening Essence of Hatred,2,,
Stackable Currency,Essence,Deafening Essence of Loathing,2,,
Stackable Currency,Essence,Deafening Essence of Misery,2,,
Stackable Currency,Essence,Deafening Essence of Rage,2,,
Stackable Currency,Essence,Deafening Essence of Scorn,2,,
Stackable Currency,Essence,Deafening Essence of Sorrow,2,,
Stackable Currency,Essence,Deafening Essence of Spite,2,,
Stackable Currency,Essence,Deafening Essence of Suffering,2,,
Stackable Currency,Essence,Deafening Essence of Torment,2,,
Stackable Currency,Essence,Deafening Essence of Woe,2,,
Stackable Currency,Essence,Deafening Essence of Wrath,2,,
Stackable Currency,Essence,Deafening Essence of Zeal,2,,
Stackable Currency,Essence,Essence of Delirium,10,,
Stackable Currency,Essence,Essence of Horror,10,,
Stackable Currency,Essence,Essence of Hysteria,10,,
Stackable Currency,Essence,Essence of Insanity,10,,
Stackable Currency,Essence,Muttering Essence of Anger,0.2,,
Stackable Currency,Essence,Muttering Essence of Contempt,0.2,,
Stackable Currency,Essence,Muttering Essence of Fear,0.2,,
Stackable Currency,Essence,Muttering Essence of Greed,0.2,,
Stackable Currency,Essence,Muttering Essence of Hatred,0.2,,
Stackable Currency,Essence,Muttering Essence of Sorrow,0.2,,
Stackable Currency,Essence,Muttering Essence of Torment,0.2,,
Stackable Currency,Essence,Muttering Essence of Woe,0.2,,
Stackable Currency,Essence,Remnant of Corruption,2,,
Stackable Currency,Essence,Screaming Essence of Anger,0.5,,
Stackable Currency,Essence,Screaming Essence of Anguish,0.5,,
Stackable Currency,Essence,Screaming Essence of Contempt,0.5,,
Stackable Currency,Essence,Screaming Essence of Doubt,0.5,,
Stackable Currency,Essence,Screaming Essence of Dread,0.5,,
Stackable Currency,Essence,Screaming Essence of Envy,0.5,,
Stackable Currency,Essence,Screaming Essence of Fear,0.5,,
Stackable Currency,Essence,Screaming Essence of Greed,0.5,,
Stackable Currency,Essence,Screaming Essence of Hatred,0.5,,
Stackable Currency,Essence,Screaming Essence of Loathing,0.5,,
Stackable Currency,Essence,Screaming Essence of Misery,0.5,,
Stackable Currency,Essence,Screaming Essence of Rage,0.5,,
Stackable Currency,Essence,Screaming Essence of Scorn,0.5,,
Stackable Currency,Essence,Screaming Essence of Sorrow,0.5,,
Stackable Currency,Essence,Screaming Essence of Spite,0.5,,
Stackable Currency,Essence,Screaming Essence of Suffering,0.5,,
Stackable Currency,Essence,Screaming Essence of Torment,0.5,,
Stackable Currency,Essence,Screaming Essence of Woe,0.5,,
Stackable Currency,Essence,Screaming Essence of Wrath,0.5,,
Stackable Currency,Essence,Screaming Essence of Zeal,0.5,,
Stackable Currency,Essence,Shrieking Essence of Anger,1,,
Stackable Currency,Essence,Shrieking Essence of Anguish,1,,
Stackable Currency,Essence,Shrieking Essence of Contempt,1,,
Stackable Currency,Essence,Shrieking Essence of Doubt,1,,
Stackable Currency,Essence,Shrieking Essence of Dread,1,,
Stackable Currency,Essence,Shrieking Essence of Envy,1,,
Stackable Currency,Essence,Shrieking Essence of Fear,1,,
Stackable Currency,Essence,Shrieking Essence of Greed,1,,
Stackable Currency,Essence,Shrieking Essence of Hatred,1,,
Stackable Currency,Essence,Shrieking Essence of Loathing,1,,
Stackable Currency,Essence,Shrieking Essence of Misery,1,,
Stackable Currency,Essence,Shrieking Essence of Rage,1,,
Stackable Currency,Essence,Shrieking Essence of Scorn,1,,
Stackable Currency,Essence,Shrieking Essence of Sorrow,1,,
Stackable Currency,Essence,Shrieking Essence of Spite,1,,
Stackable Currency,Essence,Shrieking Essence of Suffering,1,,
Stackable Currency,Essence,Shrieking Essence of Torment,1,,
Stackable Currency,Essence,Shrieking Essence of Woe,1,,
Stackable Currency,Essence,Shrieking Essence of Wrath,1,,
Stackable Currency,Essence,Shrieking Essence of Zeal,1,,
Stackable Currency,Essence,Wailing Essence of Anger,0.4,,
Stackable Currency,Essence,Wailing Essence of Anguish,0.4,,
Stackable Currency,Essence,Wailing Essence of Contempt,0.4,,
Stackable Currency,Essence,Wailing Essence of Doubt,0.4,,
Stackable Currency,Essence,Wailing Essence of Fear,0.4,,
Stackable Currency,Essence,Wailing Essence of Greed,0.4,,
Stackable Currency,Essence,Wailing Essence of Hatred,0.4,,
Stackable Currency,Essence,Wailing Essence of Loathing,0.4,,
Stackable Currency,Essence,Wailing Essence of Rage,0.4,,
Stackable Currency,Essence,Wailing Essence of Sorrow,0.4,,
Stackable Currency,Essence,Wailing Essence of Spite,0.4,,
Stackable Currency,Essence,Wailing Essence of Suffering,0.4,,
Stackable Currency,Essence,Wailing Essence of Torment,0.4,,
Stackable Currency,Essence,Wailing Essence of Woe,0.4,,
Stackable Currency,Essence,Wailing Essence of Wrath,0.4,,
Stackable Currency,Essence,Wailing Essence of Zeal,0.4,,
Stackable Currency,Essence,Weeping Essence of Anger,0.3,,
Stackable Currency,Essence,Weeping Essence of Contempt,0.3,,
Stackable Currency,Essence,Weeping Essence of Doubt,0.3,,
Stackable Currency,Essence,Weeping Essence of Fear,0.3,,
Stackable Currency,Essence,Weeping Essence of Greed,0.3,,
Stackable Currency,Essence,Weeping Essence of Hatred,0.3,,
Stackable Currency,Essence,Weeping Essence of Rage,0.3,,
Stackable Currency,Essence,Weeping Essence of Sorrow,0.3,,
Stackable Currency,Essence,Weeping Essence of Suffering,0.3,,
Stackable Currency,Essence,Weeping Essence of Torment,0.3,,
Stackable Currency,Essence,Weeping Essence of Woe,0.3,,
Stackable Currency,Essence,Weeping Essence of Wrath,0.3,,
Stackable Currency,Essence,Whispering Essence of Contempt,0.1,,
Stackable Currency,Essence,Whispering Essence of Greed,0.1,,
Stackable Currency,Essence,Whispering Essence of Hatred,0.1,,
Stackable Currency,Essence,Whispering Essence of Woe,0.1,,
Stackable Currency,Fossil,Aberrant Fossil,,,
Stackable Currency,Fossil,Aetheric Fossil,,,
Stackable Currency,Fossil,Bloodstained Fossil,,,
Stackable Currency,Fossil,Bound Fossil,,,
Stackable Currency,Fossil,Corroded Fossil,,,
Stackable Currency,Fossil,Dense Fossil,,,
Stackable Currency,Fossil,Enchanted Fossil,,,
Stackable Currency,Fossil,Encrusted Fossil,,,
Stackable Currency,Fossil,Faceted Fossil,,,
Stackable Currency,Fossil,Fractured Fossil,,,
Stackable Currency,Fossil,Frigid Fossil,,,
Stackable Currency,Fossil,Gilded Fossil,,,
Stackable Currency,Fossil,Glyphic Fossil,,,
Stackable Currency,Fossil,Hollow Fossil,,,
Stackable Currency,Fossil,Jagged Fossil,,,
Stackable Currency,Fossil,Lucent Fossil,,,
Stackable Currency,Fossil,Metallic Fossil,,,
Stackable Currency,Fossil,Perfect Fossil,,,
Stackable Currency,Fossil,Prismatic Fossil,,,
Stackable Currency,Fossil,Pristine Fossil,,,
Stackable Currency,Fossil,Sanctified Fossil,,,
Stackable Currency,Fossil,Scorched Fossil,,,
Stackable Currency,Fossil,Serrated Fossil,,,
Stackable Currency,Fossil,Shuddering Fossil,,,
Stackable Currency,Fossil,Tangled Fossil,,,
Map Fragments,Fragment,Chayula's Breachstone,,,
Map Fragments,Fragment,Chayula's Charged Breachstone,,,
Map Fragments,Fragment,Chayula's Enriched Breachstone,,,
Map Fragments,Fragment,Chayula's Pure Breachstone,,,
Map Fragments,Fragment,Craicic Lure,,,
Map Fragments,Fragment,Crescent Splinter,,,
Map Fragments,Fragment,Dedication to the Goddess,,,
Map Fragments,Fragment,Divine Vessel,,,
Map Fragments,Fragment,Eber's Key,,,
Map Fragments,Fragment,Esh's Breachstone,,,
Map Fragments,Fragment,Esh's Charged Breachstone,,,
Map Fragments,Fragment,Esh's Enriched Breachstone,,,
Map Fragments,Fragment,Esh's Pure Breachstone,,,
Map Fragments,Fragment,Farric Lure,5,,
Map Fragments,Fragment,Fenumal Lure,5,,
Map Fragments,Fragment,Fragment of Constriction,,,
Map Fragments,Fragment,Fragment of Emptiness,,,
Map Fragments,Fragment,Fragment of Enslavement,,,
Map Fragments,Fragment,Fragment of Eradication,,,
Map Fragments,Fragment,Fragment of Knowledge,,,
Map Fragments,Fragment,Fragment of Purification,,,
Map Fragments,Fragment,Fragment of Shape,,,
Map Fragments,Fragment,Fragment of Terror,,,
Map Fragments,Fragment,Fragment of the Chimera,,,
Map Fragments,Fragment,Fragment of the Hydra,,,
Map Fragments,Fragment,Fragment of the Minotaur,,,
Map Fragments,Fragment,Fragment of the Phoenix,,,
Map Fragments,Fragment,Gift to the Goddess,,,
Map Fragments,Fragment,Inya's Key,,,
Map Fragments,Fragment,Mortal Grief,,,
Map Fragments,Fragment,Mortal Hope,,,
Map Fragments,Fragment,Mortal Ignorance,,,
Map Fragments,Fragment,Mortal Rage,,,
Map Fragments,Fragment,Offering to the Goddess,,,
Map Fragments,Fragment,Sacrifice at Dawn,,,
Map Fragments,Fragment,Sacrifice at Dusk,,,
Map Fragments,Fragment,Sacrifice at Midnight,,,
Map Fragments,Fragment,Sacrifice at Noon,,,
Map Fragments,Fragment,Simulacrum,,,
Map Fragments,Fragment,Simulacrum Splinter,,,
Map Fragments,Fragment,Splinter of Chayula,,,
Map Fragments,Fragment,Splinter of Esh,,,
Map Fragments,Fragment,Splinter of Tul,,,
Map Fragments,Fragment,Splinter of Uul-Netol,,,
Map Fragments,Fragment,Splinter of Xoph,,,
Map Fragments,Fragment,The Maven's Writ,,,
Map Fragments,Fragment,Timeless Eternal Emblem,,,
Map Fragments,Fragment,Timeless Eternal Empire Splinter,,,
Map Fragments,Fragment,Timeless Karui Emblem,,,
Map Fragments,Fragment,Timeless Karui Splinter,,,
Map Fragments,Fragment,Timeless Maraketh Emblem,,,
Map Fragments,Fragment,Timeless Maraketh Splinter,,,
Map Fragments,Fragment,Timeless Templar Emblem,,,
Map Fragments,Fragment,Timeless Templar Splinter,,,
Map Fragments,Fragment,Timeless Vaal Emblem,,,
Map Fragments,Fragment,Timeless Vaal Splinter,,,
Map Fragments,Fragment,Tribute to the Goddess,,,
Map Fragments,Fragment,Tul's Breachstone,,,
Map Fragments,Fragment,Tul's Charged Breachstone,,,
Map Fragments,Fragment,Tul's Enriched Breachstone,,,
Map Fragments,Fragment,Tul's Pure Breachstone,,,
Map Fragments,Fragment,Uul-Netol's Breachstone,,,
Map Fragments,Fragment,Uul-Netol's Charged Breachstone,,,
Map Fragments,Fragment,Uul-Netol's Enriched Breachstone,,,
Map Fragments,Fragment,Uul-Netol's Pure Breachstone,,,
Map Fragments,Fragment,Vaal Reliquary Key,,,
Map Fragments,Fragment,Volkuur's Key,,,
Map Fragments,Fragment,Xoph's Breachstone,,,
Map Fragments,Fragment,Xoph's Charged Breachstone,,,
Map Fragments,Fragment,Xoph's Enriched Breachstone,,,
Map Fragments,Fragment,Xoph's Pure Breachstone,,,
Map Fragments,Fragment,Yriel's Key,,,
Incubator,Incubator,Abyssal Incubator,,,
Incubator,Incubator,Blighted Incubator,,,
Incubator,Incubator,Cartographer's Incubator,,,
Incubator,Incubator,Celestial Armoursmith's Incubator,,,
Incubator,Incubator,Celestial Blacksmith's Incubator,,,
Incubator,Incubator,Celestial Jeweller's Incubator,,,
Incubator,Incubator,Decadent Incubator,,,
Incubator,Incubator,Diviner's Incubator,,,
Incubator,Incubator,Enchanted Incubator,,,
Incubator,Incubator,Foreboding Incubator,,,
Incubator,Incubator,Fossilised Incubator,,,
Incubator,Incubator,Fragmented Incubator,,,
Incubator,Incubator,Geomancer's Incubator,,,
Incubator,Incubator,Infused Incubator,,,
Incubator,Incubator,Maddening Incubator,,,
Incubator,Incubator,Morphing Incubator,,,
Incubator,Incubator,Mysterious Incubator,,,
Incubator,Incubator,Obscured Incubator,,,
Incubator,Incubator,Ornate Incubator,,,
Incubator,Incubator,Otherworldly Incubator,,,
Incubator,Incubator,Primal Incubator,,,
Incubator,Incubator,Singular Incubator,,,
Incubator,Incubator,Skittering Incubator,,,
Incubator,Incubator,Thaumaturge's Incubator,,,
Incubator,Incubator,Time-Lost Incubator,,,
Stackable Currency,Oil,Amber Oil,1,,
Stackable Currency,Oil,Azure Oil,1,,
Stackable Currency,Oil,Black Oil,4,,
Stackable Currency,Oil,Clear Oil,0.5,,
Stackable Currency,Oil,Crimson Oil,7,,
Stackable Currency,Oil,Golden Oil,30,,
Stackable Currency,Oil,Indigo Oil,1,,
Stackable Currency,Oil,Opalescent Oil,13,,
Stackable Currency,Oil,Sepia Oil,0.5,,
Stackable Currency,Oil,Silver Oil,20,,
Stackable Currency,Oil,Tainted Oil,20,,
Stackable Currency,Oil,Teal Oil,1,,
Stackable Currency,Oil,Verdant Oil,1,,
Stackable Currency,Oil,Violet Oil,1,,
Currency,Prophecy,A Call into the Void,,,
Currency,Prophecy,A Dishonourable Death,,,
Currency,Prophecy,A Firm Foothold,,,
Currency,Prophecy,A Forest of False Idols,,,
Currency,Prophecy,"A Master Seeks Help, Alva",1,,
Currency,Prophecy,"A Master Seeks Help, Einhar",1,,
Currency,Prophecy,"A Master Seeks Help, Jun",1,,
Currency,Prophecy,"A Master Seeks Help, Niko",1,,
Currency,Prophecy,"A Master Seeks Help, Zana",1,,
Currency,Prophecy,A Prodigious Hand,,,
Currency,Prophecy,A Regal Death,,,
Currency,Prophecy,A Rift in Time,,,
Currency,Prophecy,A Valuable Combination,,,
Currency,Prophecy,A Vision of Ice and Fire,,,
Currency,Prophecy,A Whispered Prayer,,,
Currency,Prophecy,Abnormal Effulgence,,,
Currency,Prophecy,Against the Tide,,,
Currency,Prophecy,Agony at Dusk,,,
Currency,Prophecy,An Unseen Peril,,,
Currency,Prophecy,Anarchy's End I,,,
Currency,Prophecy,Anarchy's End II,,,
Currency,Prophecy,Anarchy's End III,,,
Currency,Prophecy,Anarchy's End IV,,,
Currency,Prophecy,Ancient Doom,,,
Currency,Prophecy,Baptism by Death,,,
Currency,Prophecy,Battle Hardened,,,
Currency,Prophecy,Beyond Sight I,,,
Currency,Prophecy,Beyond Sight II,,,
Currency,Prophecy,Beyond Sight III,,,
Currency,Prophecy,Black Devotion,,,
Currency,Prophecy,Blind Faith,,,
Currency,Prophecy,Blinding Light,,,
Currency,Prophecy,Blood in the Eyes,,,
Currency,Prophecy,Blood of the Betrayed,,,
Currency,Prophecy,Bountiful Traps,,,
Currency,Prophecy,Burning Dread,,,
Currency,Prophecy,Cleanser of Sins,,,
Currency,Prophecy,Cold Blooded Fury,,,
Currency,Prophecy,Cold Greed,,,
Currency,Prophecy,Crimson Hues,,,
Currency,Prophecy,Crushing Squall,,1,
Currency,Prophecy,Custodians of Silence,,,
Currency,Prophecy,Dance of Steel,,,
Currency,Prophecy,Dark Instincts,,,
Currency,Prophecy,Darktongue's Shriek,,,
Currency,Prophecy,Day of Sacrifice I,,,
Currency,Prophecy,Day of Sacrifice II,,,
Currency,Prophecy,Day of Sacrifice III,,,
Currency,Prophecy,Deadly Rivalry I,,,
Currency,Prophecy,Deadly Rivalry II,,,
Currency,Prophecy,Deadly Rivalry III,,,
Currency,Prophecy,Deadly Rivalry IV,,,
Currency,Prophecy,Deadly Rivalry V,,,
Currency,Prophecy,Deadly Twins,,,
Currency,Prophecy,Defiled in the Sceptre,,,
Currency,Prophecy,Dying Cry,,,
Currency,Prophecy,Echoes of Witchcraft,,,
Currency,Prophecy,End of the Light,,,
Currency,Prophecy,Ending the Torment,,,
Currency,Prophecy,Erased from Memory,,,
Currency,Prophecy,Erasmus' Gift,,,
Currency,Prophecy,Faith Exhumed,,,
Currency,Prophecy,Fallow At Last,,0.1,
Currency,Prophecy,Fated Connections,550,,
Currency,Prophecy,Fear's Wide Reach,,,
Currency,Prophecy,Fire and Brimstone,,,
Currency,Prophecy,Fire and Ice,,,
Currency,Prophecy,Fire from the Sky,,1,
Currency,Prophecy,"Fire, Wood and Stone",,,
Currency,Prophecy,Flesh of the Beast,,,
Currency,Prophecy,Forceful Exorcism,,,
Currency,Prophecy,From Death Springs Life,,,
Currency,Prophecy,From The Void,,,
Currency,Prophecy,Gilded Within,,0.1,
Currency,Prophecy,Golden Touch,,,
Currency,Prophecy,Graceful Flames,,,
Currency,Prophecy,Greed's Folly,,,
Currency,Prophecy,Heart of the Fire,,,
Currency,Prophecy,Heavy Blows,,,
Currency,Prophecy,Hidden Reinforcements,,0.1,
Currency,Prophecy,Hidden Vaal Pathways,,,
Currency,Prophecy,Holding the Bridge,,,
Currency,Prophecy,Hunter's Lesson,,,
Currency,Prophecy,Ice from Above,,1,
Currency,Prophecy,In the Grasp of Corruption,,0.1,
Currency,Prophecy,Kalandra's Craft,,,
Currency,Prophecy,Last of the Wildmen,,,
Currency,Prophecy,Lasting Impressions,,0.1,
Currency,Prophecy,Lightning Falls,,1,
Currency,Prophecy,Living Fires,,,
Currency,Prophecy,Lost in the Pages,,,
Currency,Prophecy,Monstrous Treasure,,,
Currency,Prophecy,Mouth of Horrors,,,
Currency,Prophecy,Mysterious Invaders,,,
Currency,Prophecy,Nature's Resilience,,,
Currency,Prophecy,Nemesis of Greed,,,
Currency,Prophecy,Notched Flesh,,,
Currency,Prophecy,Overflowing Riches,,,
Currency,Prophecy,Path of Betrayal,,,
Currency,Prophecy,Plague of Frogs,,,
Currency,Prophecy,Plague of Rats,,,
Currency,Prophecy,Pleasure and Pain,,,
Currency,Prophecy,Pools of Wealth,,,
Currency,Prophecy,Possessed Foe,,,
Currency,Prophecy,Power Magnified,,,
Currency,Prophecy,Rebirth,,,
Currency,Prophecy,Reforged Bonds,,,
Currency,Prophecy,Resistant to Change,,0.1,
Currency,Prophecy,Risen Blood,,0.1,
Currency,Prophecy,Roth's Legacy,,,
Currency,Prophecy,Severed Limbs,,,
Currency,Prophecy,Smothering Tendrils,,0.1,
Currency,Prophecy,"Soil, Worms and Blood",,,
Currency,Prophecy,Song of the Sekhema,,,
Currency,Prophecy,Storm on the Horizon,,,
Currency,Prophecy,Storm on the Reef,,,
Currency,Prophecy,Strong as a Bull,,,
Currency,Prophecy,Sun's Punishment,,,
Currency,Prophecy,Thaumaturgical History I,,,
Currency,Prophecy,Thaumaturgical History II,,,
Currency,Prophecy,The Alchemist,,,
Currency,Prophecy,The Ambitious Bandit I,,,
Currency,Prophecy,The Ambitious Bandit II,,,
Currency,Prophecy,The Ambitious Bandit III,,,
Currency,Prophecy,The Apex Predator,,,
Currency,Prophecy,The Beautiful Guide,,,
Currency,Prophecy,The Beginning and the End,,,
Currency,Prophecy,The Bishop's Legacy,,,
Currency,Prophecy,The Bloody Flowers Redux,,,
Currency,Prophecy,The Bowstring's Music,,,
Currency,Prophecy,The Brothers of Necromancy,,0.1,
Currency,Prophecy,The Brutal Enforcer,,,
Currency,Prophecy,The Child of Lunaris,,,
Currency,Prophecy,The Corrupt,,,
Currency,Prophecy,The Cursed Choir,,,
Currency,Prophecy,The Dreaded Rhoa,,,
Currency,Prophecy,The Dream Trial,,,
Currency,Prophecy,The Dreamer's Dream,,,
Currency,Prophecy,The Eagle's Cry,,,
Currency,Prophecy,The Fall of an Empire,,,
Currency,Prophecy,The Feral Lord I,,,
Currency,Prophecy,The Feral Lord II,,,
Currency,Prophecy,The Feral Lord III,,,
Currency,Prophecy,The Feral Lord IV,1,,
Currency,Prophecy,The Feral Lord V,2,,
Currency,Prophecy,The Flayed Man,,,
Currency,Prophecy,The Flow of Energy,,,
Currency,Prophecy,The Forgotten Garrison,,,
Currency,Prophecy,The Forgotten Soldiers,,,
Currency,Prophecy,The Fortune Teller's Collection,,,
Currency,Prophecy,The Four Feral Exiles,,,
Currency,Prophecy,The God of Misfortune,,0.1,
Currency,Prophecy,The Great Leader of the North,,,
Currency,Prophecy,The Great Mind of the North,,,
Currency,Prophecy,The Hardened Armour,,,
Currency,Prophecy,The Hollow Pledge,,,
Currency,Prophecy,The Hungering Swarm,,0.1,
Currency,Prophecy,The Invader,,0.1,
Currency,Prophecy,The Jeweller's Touch,,,
Currency,Prophecy,The Karui Rebellion,,,
Currency,Prophecy,The King and the Brambles,,,
Currency,Prophecy,The King's Path,,,
Currency,Prophecy,The Lady in Black,,,
Currency,Prophecy,The Last Watch,,,
Currency,Prophecy,The Lost Maps,,,
Currency,Prophecy,The Lost Undying,,,
Currency,Prophecy,The Malevolent Witch,,,
Currency,Prophecy,The Mentor,,,
Currency,Prophecy,The Misunderstood Queen,,,
Currency,Prophecy,The Mysterious Gift,,0.1,
Currency,Prophecy,The Nest,,,
Currency,Prophecy,The Nightmare Awakens,,,
Currency,Prophecy,The Petrified,,,
Currency,Prophecy,The Plaguemaw I,,,
Currency,Prophecy,The Plaguemaw II,,,
Currency,Prophecy,The Plaguemaw III,,,
Currency,Prophecy,The Plaguemaw IV,1,,
Currency,Prophecy,The Plaguemaw V,2,,
Currency,Prophecy,The Prison Guard,,,
Currency,Prophecy,The Prison Key,,,
Currency,Prophecy,The Queen's Sacrifice,200,,
Currency,Prophecy,The Queen's Vaults,,,
Currency,Prophecy,The Scout,,,
Currency,Prophecy,The Servant's Heart,,,
Currency,Prophecy,The Sharpened Blade,,,
Currency,Prophecy,The Silverwood,,,
Currency,Prophecy,The Singular Spirit,,,
Currency,Prophecy,The Sinner's Stone,,,
Currency,Prophecy,The Snuffed Flame,,,
Currency,Prophecy,The Soulless Beast,,,
Currency,Prophecy,The Stockkeeper,,,
Currency,Prophecy,The Storm Spire,,,
Currency,Prophecy,The Sword King's Passion,,,
Currency,Prophecy,The Trembling Earth,,,
Currency,Prophecy,The Unbreathing Queen I,,,
Currency,Prophecy,The Unbreathing Queen II,,,
Currency,Prophecy,The Unbreathing Queen III,,,
Currency,Prophecy,The Unbreathing Queen IV,1,,
Currency,Prophecy,The Unbreathing Queen V,2,,
Currency,Prophecy,The Undead Brutes,,,
Currency,Prophecy,The Undead Storm,,1,
Currency,Prophecy,The Vanguard,,,
Currency,Prophecy,The Walking Mountain,,,
Currency,Prophecy,The Ward's Ward,,,
Currency,Prophecy,The Warmongers I,,,
Currency,Prophecy,The Warmongers II,,,
Currency,Prophecy,The Warmongers III,,,
Currency,Prophecy,The Warmongers IV,,,
Currency,Prophecy,The Watcher's Watcher,,,
Currency,Prophecy,The Wealthy Exile,,,
Currency,Prophecy,Touched by the Wind,,0.1,
Currency,Prophecy,Trapped in the Tower,,,
Currency,Prophecy,Trash to Treasure,500,,
Currency,Prophecy,Twice Enchanted,,,
Currency,Prophecy,Unbearable Whispers I,,,
Currency,Prophecy,Unbearable Whispers II,,,
Currency,Prophecy,Unbearable Whispers III,,,
Currency,Prophecy,Unbearable Whispers IV,1,,
Currency,Prophecy,Unbearable Whispers V,2,,
Currency,Prophecy,Undead Uprising,,0.1,
Currency,Prophecy,Unnatural Energy,,0.1,
Currency,Prophecy,Vaal Invasion,,0.1,
Currency,Prophecy,Vaal Winds,,,
Currency,Prophecy,Visions of the Drowned,,,
Currency,Prophecy,Vital Transformation,,0.1,
Currency,Prophecy,Waiting in Ambush,,,
Currency,Prophecy,Weeping Death,,,
Currency,Prophecy,Wind and Thunder,,,
Currency,Prophecy,Winter's Mournful Melodies,,,
Delve Stackable Socketable Currency,Resonator,Potent Alchemical Resonator,0.5,,
Delve Stackable Socketable Currency,Resonator,Potent Chaotic Resonator,0.5,,
Delve Stackable Socketable Currency,Resonator,Powerful Alchemical Resonator,0.5,,
Delve Stackable Socketable Currency,Resonator,Powerful Chaotic Resonator,0.5,,
Delve Stackable Socketable Currency,Resonator,Prime Alchemical Resonator,15,,
Delve Stackable Socketable Currency,Resonator,Prime Chaotic Resonator,15,,
Delve Stackable Socketable Currency,Resonator,Primitive Alchemical Resonator,0.5,,
Delve Stackable Socketable Currency,Resonator,Primitive Chaotic Resonator,0.5,,
Map Fragments,Scarab,Gilded Abyss Scarab,10,,
Map Fragments,Scarab,Gilded Ambush Scarab,10,,
Map Fragments,Scarab,Gilded Bestiary Scarab,10,,
Map Fragments,Scarab,Gilded Blight Scarab,10,,
Map Fragments,Scarab,Gilded Breach Scarab,10,,
Map Fragments,Scarab,Gilded Cartography Scarab,10,,
Map Fragments,Scarab,Gilded Divination Scarab,10,,
Map Fragments,Scarab,Gilded Elder Scarab,10,,
Map Fragments,Scarab,Gilded Harbinger Scarab,10,,
Map Fragments,Scarab,Gilded Legion Scarab,10,,
Map Fragments,Scarab,Gilded Metamorph Scarab,10,,
Map Fragments,Scarab,Gilded Perandus Scarab,10,,
Map Fragments,Scarab,Gilded Reliquary Scarab,10,,
Map Fragments,Scarab,Gilded Shaper Scarab,10,,
Map Fragments,Scarab,Gilded Sulphite Scarab,10,,
Map Fragments,Scarab,Gilded Torment Scarab,10,,
Map Fragments,Scarab,Polished Abyss Scarab,,,
Map Fragments,Scarab,Polished Ambush Scarab,,,
Map Fragments,Scarab,Polished Bestiary Scarab,,,
Map Fragments,Scarab,Polished Blight Scarab,,,
Map Fragments,Scarab,Polished Breach Scarab,,,
Map Fragments,Scarab,Polished Cartography Scarab,,,
Map Fragments,Scarab,Polished Divination Scarab,,,
Map Fragments,Scarab,Polished Elder Scarab,,,
Map Fragments,Scarab,Polished Harbinger Scarab,,,
Map Fragments,Scarab,Polished Legion Scarab,,,
Map Fragments,Scarab,Polished Metamorph Scarab,,,
Map Fragments,Scarab,Polished Perandus Scarab,,,
Map Fragments,Scarab,Polished Reliquary Scarab,,,
Map Fragments,Scarab,Polished Shaper Scarab,,,
Map Fragments,Scarab,Polished Sulphite Scarab,,,
Map Fragments,Scarab,Polished Torment Scarab,,,
Map Fragments,Scarab,Rusted Abyss Scarab,,,
Map Fragments,Scarab,Rusted Ambush Scarab,,,
Map Fragments,Scarab,Rusted Bestiary Scarab,,,
Map Fragments,Scarab,Rusted Blight Scarab,,,
Map Fragments,Scarab,Rusted Breach Scarab,,,
Map Fragments,Scarab,Rusted Cartography Scarab,,,
Map Fragments,Scarab,Rusted Divination Scarab,,,
Map Fragments,Scarab,Rusted Elder Scarab,,,
Map Fragments,Scarab,Rusted Harbinger Scarab,,,
Map Fragments,Scarab,Rusted Legion Scarab,,,
Map Fragments,Scarab,Rusted Metamorph Scarab,,,
Map Fragments,Scarab,Rusted Perandus Scarab,,,
Map Fragments,Scarab,Rusted Reliquary Scarab,,,
Map Fragments,Scarab,Rusted Shaper Scarab,,,
Map Fragments,Scarab,Rusted Sulphite Scarab,,,
Map Fragments,Scarab,Rusted Torment Scarab,,,
Map Fragments,Scarab,Saqawine Lure,,,
Map Fragments,Scarab,Winged Abyss Scarab,20,,
Map Fragments,Scarab,Winged Ambush Scarab,20,,
Map Fragments,Scarab,Winged Bestiary Scarab,20,,
Map Fragments,Scarab,Winged Blight Scarab,20,,
Map Fragments,Scarab,Winged Breach Scarab,20,,
Map Fragments,Scarab,Winged Cartography Scarab,20,,
Map Fragments,Scarab,Winged Divination Scarab,20,,
Map Fragments,Scarab,Winged Elder Scarab,20,,
Map Fragments,Scarab,Winged Harbinger Scarab,20,,
Map Fragments,Scarab,Winged Legion Scarab,20,,
Map Fragments,Scarab,Winged Metamorph Scarab,20,,
Map Fragments,Scarab,Winged Perandus Scarab,20,,
Map Fragments,Scarab,Winged Reliquary Scarab,20,,
Map Fragments,Scarab,Winged Shaper Scarab,20,,
Map Fragments,Scarab,Winged Sulphite Scarab,20,,
Map Fragments,Scarab,Winged Torment Scarab,20,,
Amulet,UniqueAccessory,Agate Amulet,,,
Amulet,UniqueAccessory,Amber Amulet,,,
Amulet,UniqueAccessory,Ashscale Talisman,,,
Amulet,UniqueAccessory,Astrolabe Amulet,,,
Amulet,UniqueAccessory,Black Maw Talisman,,,
Amulet,UniqueAccessory,Blue Pearl Amulet,,,
Amulet,UniqueAccessory,Bonespire Talisman,,,
Amulet,UniqueAccessory,Breakrib Talisman,,,
Amulet,UniqueAccessory,Chrysalis Talisman,,,
Amulet,UniqueAccessory,Citrine Amulet,,,
Amulet,UniqueAccessory,Clutching Talisman,,,
Amulet,UniqueAccessory,Coral Amulet,,,
Amulet,UniqueAccessory,Deadhand Talisman,,,
Amulet,UniqueAccessory,Deep One Talisman,,,
Amulet,UniqueAccessory,Fangjaw Talisman,,,
Amulet,UniqueAccessory,Gold Amulet,,,
Amulet,UniqueAccessory,Greatwolf Talisman,,,
Amulet,UniqueAccessory,Hexclaw Talisman,,,
Amulet,UniqueAccessory,Horned Talisman,,,
Amulet,UniqueAccessory,Jade Amulet,,,
Amulet,UniqueAccessory,Jet Amulet,,,
Amulet,UniqueAccessory,Lapis Amulet,,,
Amulet,UniqueAccessory,Lone Antler Talisman,,,
Amulet,UniqueAccessory,Longtooth Talisman,,,
Amulet,UniqueAccessory,Mandible Talisman,,,
Amulet,UniqueAccessory,Marble Amulet,,,
Amulet,UniqueAccessory,Monkey Twins Talisman,,,
Amulet,UniqueAccessory,Onyx Amulet,,,
Amulet,UniqueAccessory,Paua Amulet,,,
Amulet,UniqueAccessory,Primal Skull Talisman,,,
Amulet,UniqueAccessory,Rot Head Talisman,,,
Amulet,UniqueAccessory,Rotfeather Talisman,,,
Amulet,UniqueAccessory,Ruby Amulet,,,
Amulet,UniqueAccessory,Simplex Amulet,,,
Amulet,UniqueAccessory,Spinefuse Talisman,,,
Amulet,UniqueAccessory,Splitnewt Talisman,,,
Amulet,UniqueAccessory,Three Hands Talisman,,,
Amulet,UniqueAccessory,Three Rat Talisman,,,
Amulet,UniqueAccessory,Turquoise Amulet,,,
Amulet,UniqueAccessory,Undying Flesh Talisman,,,
Amulet,UniqueAccessory,Wereclaw Talisman,,,
Amulet,UniqueAccessory,Writhing Talisman,,,
Belt,UniqueAccessory,Chain Belt,,,
Belt,UniqueAccessory,Cloth Belt,,,
Belt,UniqueAccessory,Crystal Belt,,,
Belt,UniqueAccessory,Golden Obi,,,
Belt,UniqueAccessory,Heavy Belt,,,
Belt,UniqueAccessory,Leather Belt,,,
Belt,UniqueAccessory,Mechalarm Belt,,,
Belt,UniqueAccessory,Micro-Distillery Belt,,,
Belt,UniqueAccessory,Rustic Sash,,,
Belt,UniqueAccessory,Studded Belt,,,
Belt,UniqueAccessory,Stygian Vise,,,
Belt,UniqueAccessory,Vanguard Belt,,,
Ring,UniqueAccessory,Amethyst Ring,,,
Ring,UniqueAccessory,Breach Ring,,,
Ring,UniqueAccessory,Cogwork Ring,,,
Ring,UniqueAccessory,Coral Ring,,,
Ring,UniqueAccessory,Diamond Ring,,,
Ring,UniqueAccessory,Geodesic Ring,,,
Ring,UniqueAccessory,Gold Ring,,,
Ring,UniqueAccessory,Golden Hoop,,,
Ring,UniqueAccessory,Iron Ring,,,
Ring,UniqueAccessory,Jet Ring,,,
Ring,UniqueAccessory,Moonstone Ring,,,
Ring,UniqueAccessory,Opal Ring,,,
Ring,UniqueAccessory,Paua Ring,,,
Ring,UniqueAccessory,Prismatic Ring,,,
Ring,UniqueAccessory,Ruby Ring,,,
Ring,UniqueAccessory,Sapphire Ring,,,
Ring,UniqueAccessory,Steel Ring,,,
Ring,UniqueAccessory,Topaz Ring,,,
Ring,UniqueAccessory,Two-Stone Ring,,,
Ring,UniqueAccessory,Unset Ring,,,
Ring,UniqueAccessory,Vermillion Ring,,,
Body Armour,UniqueArmour,Arena Plate,,,
Body Armour,UniqueArmour,Assassin's Garb,,,
Body Armour,UniqueArmour,Astral Plate,,,
Body Armour,UniqueArmour,Battle Lamellar,,,
Body Armour,UniqueArmour,Battle Plate,,,
Body Armour,UniqueArmour,Blood Raiment,200,,
Body Armour,UniqueArmour,Bone Armour,,,
Body Armour,UniqueArmour,Bronze Plate,,,
Body Armour,UniqueArmour,Buckskin Tunic,,,
Body Armour,UniqueArmour,Cabalist Regalia,,,
Body Armour,UniqueArmour,Carnal Armour,,,
Body Armour,UniqueArmour,Chain Hauberk,,,
Body Armour,UniqueArmour,Chainmail Doublet,,,
Body Armour,UniqueArmour,Chainmail Tunic,,,
Body Armour,UniqueArmour,Chainmail Vest,,,
Body Armour,UniqueArmour,Chestplate,,,
Body Armour,UniqueArmour,Colosseum Plate,,,
Body Armour,UniqueArmour,Commander's Brigandine,,,
Body Armour,UniqueArmour,Conjurer's Vestment,,,
Body Armour,UniqueArmour,Conquest Chainmail,,,
Body Armour,UniqueArmour,Copper Plate,,,
Body Armour,UniqueArmour,Coronal Leather,,,
Body Armour,UniqueArmour,Crimson Raiment,,,
Body Armour,UniqueArmour,Crusader Chainmail,,,
Body Armour,UniqueArmour,Crusader Plate,,,
Body Armour,UniqueArmour,Crypt Armour,,,
Body Armour,UniqueArmour,Cutthroat's Garb,,,
Body Armour,UniqueArmour,Desert Brigandine,,,
Body Armour,UniqueArmour,Destiny Leather,,,
Body Armour,UniqueArmour,Destroyer Regalia,,,
Body Armour,UniqueArmour,Devout Chainmail,,,
Body Armour,UniqueArmour,Dragonscale Doublet,,,
Body Armour,UniqueArmour,Eelskin Tunic,,,
Body Armour,UniqueArmour,Elegant Ringmail,,,
Body Armour,UniqueArmour,Exquisite Leather,180,,
Body Armour,UniqueArmour,Field Lamellar,,,
Body Armour,UniqueArmour,Frontier Leather,,,
Body Armour,UniqueArmour,Full Chainmail,,,
Body Armour,UniqueArmour,Full Dragonscale,,,
Body Armour,UniqueArmour,Full Leather,,,
Body Armour,UniqueArmour,Full Plate,,,
Body Armour,UniqueArmour,Full Ringmail,,,
Body Armour,UniqueArmour,Full Scale Armour,,,
Body Armour,UniqueArmour,Full Wyrmscale,,,
Body Armour,UniqueArmour,General's Brigandine,,,
Body Armour,UniqueArmour,Gladiator Plate,,,
Body Armour,UniqueArmour,Glorious Leather,,,
Body Armour,UniqueArmour,Glorious Plate,,,
Body Armour,UniqueArmour,Golden Mantle,,,
Body Armour,UniqueArmour,Golden Plate,,,
Body Armour,UniqueArmour,Holy Chainmail,,,
Body Armour,UniqueArmour,Hussar Brigandine,,,
Body Armour,UniqueArmour,Infantry Brigandine,,,
Body Armour,UniqueArmour,Lacquered Garb,,,
Body Armour,UniqueArmour,Latticed Ringmail,,,
Body Armour,UniqueArmour,Light Brigandine,,,
Body Armour,UniqueArmour,Lordly Plate,,,
Body Armour,UniqueArmour,Loricated Ringmail,,,
Body Armour,UniqueArmour,Mage's Vestment,,,
Body Armour,UniqueArmour,Majestic Plate,,,
Body Armour,UniqueArmour,Necromancer Silks,,,
Body Armour,UniqueArmour,Occultist's Vestment,130,,
Body Armour,UniqueArmour,Oiled Coat,,,
Body Armour,UniqueArmour,Oiled Vest,,,
Body Armour,UniqueArmour,Ornate Ringmail,,,
Body Armour,UniqueArmour,Padded Jacket,,,
Body Armour,UniqueArmour,Padded Vest,,,
Body Armour,UniqueArmour,Plate Vest,,,
Body Armour,UniqueArmour,Quilted Jacket,,,
Body Armour,UniqueArmour,Ringmail Coat,,,
Body Armour,UniqueArmour,Sacrificial Garb,,,
Body Armour,UniqueArmour,Sadist Garb,,,
Body Armour,UniqueArmour,Sage's Robe,,,
Body Armour,UniqueArmour,Saint's Hauberk,,,
Body Armour,UniqueArmour,Saintly Chainmail,,,
Body Armour,UniqueArmour,Savant's Robe,200,,
Body Armour,UniqueArmour,Scale Doublet,,,
Body Armour,UniqueArmour,Scale Vest,,,
Body Armour,UniqueArmour,Scarlet Raiment,,,
Body Armour,UniqueArmour,Scholar's Robe,,,
Body Armour,UniqueArmour,Sentinel Jacket,,,
Body Armour,UniqueArmour,Shabby Jerkin,,,
Body Armour,UniqueArmour,Sharkskin Tunic,,,
Body Armour,UniqueArmour,Silk Robe,,,
Body Armour,UniqueArmour,Silken Garb,,,
Body Armour,UniqueArmour,Silken Vest,,,
Body Armour,UniqueArmour,Silken Wrap,,,
Body Armour,UniqueArmour,Simple Robe,,,
Body Armour,UniqueArmour,Sleek Coat,,,
Body Armour,UniqueArmour,Soldier's Brigandine,,,
Body Armour,UniqueArmour,Spidersilk Robe,,,
Body Armour,UniqueArmour,Strapped Leather,,,
Body Armour,UniqueArmour,Sun Leather,,,
Body Armour,UniqueArmour,Sun Plate,,,
Body Armour,UniqueArmour,Thief's Garb,,,
Body Armour,UniqueArmour,Triumphant Lamellar,,,
Body Armour,UniqueArmour,Vaal Regalia,,,
Body Armour,UniqueArmour,Varnished Coat,,,
Body Armour,UniqueArmour,War Plate,,,
Body Armour,UniqueArmour,Waxed Garb,,,
Body Armour,UniqueArmour,Widowsilk Robe,,,
Body Armour,UniqueArmour,Wild Leather,,,
Body Armour,UniqueArmour,Wyrmscale Doublet,,,
Body Armour,UniqueArmour,Zodiac Leather,,,
Boots,UniqueArmour,Ambush Boots,,,
Boots,UniqueArmour,Ancient Greaves,,,
Boots,UniqueArmour,Antique Greaves,,,
Boots,UniqueArmour,Arcanist Slippers,,,
Boots,UniqueArmour,Assassin's Boots,,,
Boots,UniqueArmour,Basemetal Treads,,,
Boots,UniqueArmour,Brimstone Treads,,,
Boots,UniqueArmour,Bronzescale Boots,,,
Boots,UniqueArmour,Carnal Boots,,,
Boots,UniqueArmour,Chain Boots,,,
Boots,UniqueArmour,Clasped Boots,,,
Boots,UniqueArmour,Cloudwhisper Boots,,,
Boots,UniqueArmour,Conjurer Boots,,,
Boots,UniqueArmour,Crusader Boots,155,,
Boots,UniqueArmour,Darksteel Treads,,,
Boots,UniqueArmour,Deerskin Boots,,,
Boots,UniqueArmour,Dragonscale Boots,,,
Boots,UniqueArmour,Dreamquest Slippers,,,
Boots,UniqueArmour,Duskwalk Slippers,,,
Boots,UniqueArmour,Eelskin Boots,,,
Boots,UniqueArmour,Goathide Boots,,,
Boots,UniqueArmour,Golden Caligae,,,
Boots,UniqueArmour,Goliath Greaves,,,
Boots,UniqueArmour,Hydrascale Boots,,,
Boots,UniqueArmour,Iron Greaves,,,
Boots,UniqueArmour,Ironscale Boots,,,
Boots,UniqueArmour,Leatherscale Boots,,,
Boots,UniqueArmour,Legion Boots,,,
Boots,UniqueArmour,Mesh Boots,,,
Boots,UniqueArmour,Murder Boots,,,
Boots,UniqueArmour,Nightwind Slippers,,,
Boots,UniqueArmour,Nubuck Boots,,,
Boots,UniqueArmour,Plated Greaves,,,
Boots,UniqueArmour,Rawhide Boots,145,,
Boots,UniqueArmour,Reinforced Greaves,,,
Boots,UniqueArmour,Ringmail Boots,,,
Boots,UniqueArmour,Riveted Boots,,,
Boots,UniqueArmour,Samite Slippers,,,
Boots,UniqueArmour,Satin Slippers,,,
Boots,UniqueArmour,Scholar Boots,,,
Boots,UniqueArmour,Serpentscale Boots,,,
Boots,UniqueArmour,Shackled Boots,,,
Boots,UniqueArmour,Shagreen Boots,,,
Boots,UniqueArmour,Sharkskin Boots,,,
Boots,UniqueArmour,Silk Slippers,,,
Boots,UniqueArmour,Slink Boots,,,
Boots,UniqueArmour,Soldier Boots,,,
Boots,UniqueArmour,Sorcerer Boots,170,,
Boots,UniqueArmour,Stealth Boots,,,
Boots,UniqueArmour,Steel Greaves,,,
Boots,UniqueArmour,Steelscale Boots,,,
Boots,UniqueArmour,Stormrider Boots,,,
Boots,UniqueArmour,Strapped Boots,,,
Boots,UniqueArmour,Titan Greaves,,,
Boots,UniqueArmour,Trapper Boots,,,
Boots,UniqueArmour,Two-Toned Boots,,,
Boots,UniqueArmour,Vaal Greaves,,,
Boots,UniqueArmour,Velvet Slippers,,,
Boots,UniqueArmour,Windbreak Boots,,,
Boots,UniqueArmour,Wool Shoes,,,
Boots,UniqueArmour,Wrapped Boots,,,
Boots,UniqueArmour,Wyrmscale Boots,,,
Boots,UniqueArmour,Zealot Boots,,,
Gloves,UniqueArmour,Aetherwind Gloves,,,
Gloves,UniqueArmour,Ambush Mitts,5,,
Gloves,UniqueArmour,Ancient Gauntlets,,,
Gloves,UniqueArmour,Antique Gauntlets,,,
Gloves,UniqueArmour,Arcanist Gloves,5,,
Gloves,UniqueArmour,Assassin's Mitts,,,
Gloves,UniqueArmour,Bronze Gauntlets,,,
Gloves,UniqueArmour,Bronzescale Gauntlets,,,
Gloves,UniqueArmour,Carnal Mitts,,,
Gloves,UniqueArmour,Chain Gloves,,,
Gloves,UniqueArmour,Clasped Mitts,,,
Gloves,UniqueArmour,Conjurer Gloves,,,
Gloves,UniqueArmour,Crusader Gloves,,,
Gloves,UniqueArmour,Debilitation Gauntlets,,,
Gloves,UniqueArmour,Deerskin Gloves,,,
Gloves,UniqueArmour,Dragonscale Gauntlets,,,
Gloves,UniqueArmour,Eelskin Gloves,,,
Gloves,UniqueArmour,Embroidered Gloves,,,
Gloves,UniqueArmour,Fingerless Silk Gloves,,,
Gloves,UniqueArmour,Fishscale Gauntlets,,,
Gloves,UniqueArmour,Gauche Gloves,,,
Gloves,UniqueArmour,Goathide Gloves,,,
Gloves,UniqueArmour,Golden Bracers,,,
Gloves,UniqueArmour,Goliath Gauntlets,,,
Gloves,UniqueArmour,Gripped Gloves,,,
Gloves,UniqueArmour,Gruelling Gauntlets,,,
Gloves,UniqueArmour,Hydrascale Gauntlets,320,,
Gloves,UniqueArmour,Iron Gauntlets,,,
Gloves,UniqueArmour,Ironscale Gauntlets,,,
Gloves,UniqueArmour,Legion Gloves,,,
Gloves,UniqueArmour,Leyline Gloves,,,
Gloves,UniqueArmour,Mesh Gloves,,,
Gloves,UniqueArmour,Murder Mitts,,,
Gloves,UniqueArmour,Nexus Gloves,,,
Gloves,UniqueArmour,Nubuck Gloves,,,
Gloves,UniqueArmour,Plated Gauntlets,,,
Gloves,UniqueArmour,Rawhide Gloves,,,
Gloves,UniqueArmour,Ringmail Gloves,,,
Gloves,UniqueArmour,Riveted Gloves,5,,
Gloves,UniqueArmour,Samite Gloves,,,
Gloves,UniqueArmour,Satin Gloves,,,
Gloves,UniqueArmour,Serpentscale Gauntlets,,,
Gloves,UniqueArmour,Shagreen Gloves,,,
Gloves,UniqueArmour,Sharkskin Gloves,,,
Gloves,UniqueArmour,Silk Gloves,650,,
Gloves,UniqueArmour,Sinistral Gloves,,,
Gloves,UniqueArmour,Slink Gloves,,,
Gloves,UniqueArmour,Soldier Gloves,,,
Gloves,UniqueArmour,Sorcerer Gloves,,,
Gloves,UniqueArmour,Southswing Gloves,,,
Gloves,UniqueArmour,Spiked Gloves,,,
Gloves,UniqueArmour,Stealth Gloves,,,
Gloves,UniqueArmour,Steel Gauntlets,,,
Gloves,UniqueArmour,Steelscale Gauntlets,,,
Gloves,UniqueArmour,Strapped Mitts,,,
Gloves,UniqueArmour,Taxing Gauntlets,,,
Gloves,UniqueArmour,Titan Gauntlets,,,
Gloves,UniqueArmour,Trapper Mitts,,,
Gloves,UniqueArmour,Vaal Gauntlets,,,
Gloves,UniqueArmour,Velvet Gloves,,,
Gloves,UniqueArmour,Wool Gloves,,,
Gloves,UniqueArmour,Wrapped Mitts,,,
Gloves,UniqueArmour,Wyrmscale Gauntlets,,,
Gloves,UniqueArmour,Zealot Gloves,,,
Helmet,UniqueArmour,Archdemon Crown,,,
Helmet,UniqueArmour,Atonement Mask,,,
Helmet,UniqueArmour,Aventail Helmet,,,
Helmet,UniqueArmour,Barbute Helmet,,,
Helmet,UniqueArmour,Battered Helm,,,
Helmet,UniqueArmour,Blizzard Crown,,,
Helmet,UniqueArmour,Bone Circlet,,,
Helmet,UniqueArmour,Bone Helmet,,,
Helmet,UniqueArmour,Callous Mask,,,
Helmet,UniqueArmour,Close Helmet,,,
Helmet,UniqueArmour,Cone Helmet,,,
Helmet,UniqueArmour,Crusader Helmet,,,
Helmet,UniqueArmour,Deicide Mask,,,
Helmet,UniqueArmour,Demon Crown,,,
Helmet,UniqueArmour,Eternal Burgonet,,,
Helmet,UniqueArmour,Ezomyte Burgonet,,,
Helmet,UniqueArmour,Fencer Helm,,,
Helmet,UniqueArmour,Festival Mask,,,
Helmet,UniqueArmour,Fluted Bascinet,5,,
Helmet,UniqueArmour,Gale Crown,,,
Helmet,UniqueArmour,Gilded Sallet,,,
Helmet,UniqueArmour,Gladiator Helmet,,,
Helmet,UniqueArmour,Golden Mask,,,
Helmet,UniqueArmour,Golden Visage,,,
Helmet,UniqueArmour,Golden Wreath,,,
Helmet,UniqueArmour,Great Crown,,,
Helmet,UniqueArmour,Great Helmet,,,
Helmet,UniqueArmour,Harlequin Mask,,,
Helmet,UniqueArmour,Hubris Circlet,,,
Helmet,UniqueArmour,Hunter Hood,,,
Helmet,UniqueArmour,Imp Crown,,,
Helmet,UniqueArmour,Iron Circlet,,,
Helmet,UniqueArmour,Iron Hat,,,
Helmet,UniqueArmour,Iron Mask,,,
Helmet,UniqueArmour,Lacquered Helmet,,,
Helmet,UniqueArmour,Leather Cap,,,
Helmet,UniqueArmour,Leather Hood,,,
Helmet,UniqueArmour,Lion Pelt,,,
Helmet,UniqueArmour,Lunaris Circlet,,,
Helmet,UniqueArmour,Magistrate Crown,,,
Helmet,UniqueArmour,Mind Cage,,,
Helmet,UniqueArmour,Necromancer Circlet,,,
Helmet,UniqueArmour,Nightmare Bascinet,,,
Helmet,UniqueArmour,Noble Tricorne,,,
Helmet,UniqueArmour,Penitent Mask,,,
Helmet,UniqueArmour,Pig-Faced Bascinet,,,
Helmet,UniqueArmour,Plague Mask,,,
Helmet,UniqueArmour,Praetor Crown,,,
Helmet,UniqueArmour,Prophet Crown,,,
Helmet,UniqueArmour,Raven Mask,,,
Helmet,UniqueArmour,Reaver Helmet,,,
Helmet,UniqueArmour,Regicide Mask,,,
Helmet,UniqueArmour,Royal Burgonet,5,,
Helmet,UniqueArmour,Rusted Coif,,,
Helmet,UniqueArmour,Sallet,,,
Helmet,UniqueArmour,Samnite Helmet,,,
Helmet,UniqueArmour,Scare Mask,,,
Helmet,UniqueArmour,Secutor Helm,,,
Helmet,UniqueArmour,Siege Helmet,,,
Helmet,UniqueArmour,Silken Hood,,,
Helmet,UniqueArmour,Sinner Tricorne,,,
Helmet,UniqueArmour,Solaris Circlet,,,
Helmet,UniqueArmour,Soldier Helmet,,,
Helmet,UniqueArmour,Sorrow Mask,,,
Helmet,UniqueArmour,Steel Circlet,,,
Helmet,UniqueArmour,Torture Cage,,,
Helmet,UniqueArmour,Tribal Circlet,,,
Helmet,UniqueArmour,Tricorne,,,
Helmet,UniqueArmour,Ursine Pelt,,,
Helmet,UniqueArmour,Vaal Mask,,,
Helmet,UniqueArmour,Vine Circlet,,,
Helmet,UniqueArmour,Visored Sallet,,,
Helmet,UniqueArmour,Winter Crown,,,
Helmet,UniqueArmour,Wolf Pelt,,,
Helmet,UniqueArmour,Zealot Helmet,,,
Quiver,UniqueArmour,Blunt Arrow Quiver,,,
Quiver,UniqueArmour,Broadhead Arrow Quiver,,,
Quiver,UniqueArmour,Fire Arrow Quiver,,,
Quiver,UniqueArmour,Heavy Quiver,,,
Quiver,UniqueArmour,Ornate Quiver,170,,
Quiver,UniqueArmour,Penetrating Arrow Quiver,,,
Quiver,UniqueArmour,Serrated Arrow Quiver,,,
Quiver,UniqueArmour,Sharktooth Arrow Quiver,,,
Quiver,UniqueArmour,Spike-Point Arrow Quiver,,,
Quiver,UniqueArmour,Two-Point Arrow Quiver,,,
Shield,UniqueArmour,Alder Spiked Shield,,,
Shield,UniqueArmour,Alloyed Spiked Shield,,,
Shield,UniqueArmour,Angelic Kite Shield,,,
Shield,UniqueArmour,Archon Kite Shield,,,
Shield,UniqueArmour,Baroque Round Shield,,,
Shield,UniqueArmour,Battle Buckler,,,
Shield,UniqueArmour,Bone Spirit Shield,,,
Shield,UniqueArmour,Branded Kite Shield,,,
Shield,UniqueArmour,Brass Spirit Shield,,,
Shield,UniqueArmour,Bronze Tower Shield,,,
Shield,UniqueArmour,Buckskin Tower Shield,,,
Shield,UniqueArmour,Burnished Spiked Shield,,,
Shield,UniqueArmour,Cardinal Round Shield,,,
Shield,UniqueArmour,Cedar Tower Shield,,,
Shield,UniqueArmour,Ceremonial Kite Shield,,,
Shield,UniqueArmour,Champion Kite Shield,,,
Shield,UniqueArmour,Chiming Spirit Shield,,,
Shield,UniqueArmour,Cold-attuned Buckler,,,
Shield,UniqueArmour,Colossal Tower Shield,,,
Shield,UniqueArmour,Compound Spiked Shield,,,
Shield,UniqueArmour,Copper Tower Shield,,,
Shield,UniqueArmour,Corroded Tower Shield,,,
Shield,UniqueArmour,Corrugated Buckler,,,
Shield,UniqueArmour,Crested Tower Shield,,,
Shield,UniqueArmour,Crimson Round Shield,,,
Shield,UniqueArmour,Crusader Buckler,,,
Shield,UniqueArmour,Driftwood Spiked Shield,,,
Shield,UniqueArmour,Ebony Tower Shield,,,
Shield,UniqueArmour,Elegant Round Shield,,,
Shield,UniqueArmour,Enameled Buckler,,,
Shield,UniqueArmour,Endothermic Buckler,,,
Shield,UniqueArmour,Etched Kite Shield,,,
Shield,UniqueArmour,Exhausting Spirit Shield,,,
Shield,UniqueArmour,Exothermic Tower Shield,,,
Shield,UniqueArmour,Ezomyte Spiked Shield,,,
Shield,UniqueArmour,Ezomyte Tower Shield,1000,,
Shield,UniqueArmour,Fir Round Shield,,,
Shield,UniqueArmour,Fossilised Spirit Shield,,,
Shield,UniqueArmour,Gilded Buckler,,,
Shield,UniqueArmour,Girded Tower Shield,,,
Shield,UniqueArmour,Goathide Buckler,,,
Shield,UniqueArmour,Golden Buckler,,,
Shield,UniqueArmour,Golden Flame,,,
Shield,UniqueArmour,Hammered Buckler,,,
Shield,UniqueArmour,Harmonic Spirit Shield,,,
Shield,UniqueArmour,Heat-attuned Tower Shield,,,
Shield,UniqueArmour,Imperial Buckler,,,
Shield,UniqueArmour,Ironwood Buckler,,,
Shield,UniqueArmour,Ivory Spirit Shield,,,
Shield,UniqueArmour,Jingling Spirit Shield,260,,
Shield,UniqueArmour,Lacewood Spirit Shield,,,
Shield,UniqueArmour,Lacquered Buckler,,,
Shield,UniqueArmour,Laminated Kite Shield,,,
Shield,UniqueArmour,Layered Kite Shield,,,
Shield,UniqueArmour,Linden Kite Shield,,,
Shield,UniqueArmour,Magmatic Tower Shield,,,
Shield,UniqueArmour,Mahogany Tower Shield,,,
Shield,UniqueArmour,Maple Round Shield,,,
Shield,UniqueArmour,Mirrored Spiked Shield,,,
Shield,UniqueArmour,Mosaic Kite Shield,,,
Shield,UniqueArmour,Oak Buckler,,,
Shield,UniqueArmour,Ornate Spiked Shield,,,
Shield,UniqueArmour,Painted Buckler,,,
Shield,UniqueArmour,Painted Tower Shield,,,
Shield,UniqueArmour,Pine Buckler,,,
Shield,UniqueArmour,Pinnacle Tower Shield,,,
Shield,UniqueArmour,Plank Kite Shield,,,
Shield,UniqueArmour,Polar Buckler,,,
Shield,UniqueArmour,Polished Spiked Shield,,,
Shield,UniqueArmour,Rawhide Tower Shield,,,
Shield,UniqueArmour,Redwood Spiked Shield,,,
Shield,UniqueArmour,Reinforced Kite Shield,,,
Shield,UniqueArmour,Reinforced Tower Shield,,,
Shield,UniqueArmour,Rotted Round Shield,,,
Shield,UniqueArmour,Scarlet Round Shield,,,
Shield,UniqueArmour,Shagreen Tower Shield,,,
Shield,UniqueArmour,Sovereign Spiked Shield,,,
Shield,UniqueArmour,Spiked Bundle,,,
Shield,UniqueArmour,Spiked Round Shield,,,
Shield,UniqueArmour,Spiny Round Shield,,,
Shield,UniqueArmour,Splendid Round Shield,,,
Shield,UniqueArmour,Splintered Tower Shield,,,
Shield,UniqueArmour,Steel Kite Shield,,,
Shield,UniqueArmour,Studded Round Shield,,,
Shield,UniqueArmour,Subsuming Spirit Shield,,,
Shield,UniqueArmour,Supreme Spiked Shield,,,
Shield,UniqueArmour,Tarnished Spirit Shield,,,
Shield,UniqueArmour,Teak Round Shield,,,
Shield,UniqueArmour,Thorium Spirit Shield,,,
Shield,UniqueArmour,Titanium Spirit Shield,,,
Shield,UniqueArmour,Transfer-attuned Spirit Shield,,,
Shield,UniqueArmour,Twig Spirit Shield,,,
Shield,UniqueArmour,Vaal Buckler,,,
Shield,UniqueArmour,Vaal Spirit Shield,,,
Shield,UniqueArmour,Walnut Spirit Shield,,,
Shield,UniqueArmour,War Buckler,,,
Shield,UniqueArmour,Yew Spirit Shield,,,
Critical Utility Flask,UniqueFlask,Diamond Flask,,,
Hybrid Flask,UniqueFlask,Colossal Hybrid Flask,,,
Hybrid Flask,UniqueFlask,Hallowed Hybrid Flask,,,
Hybrid Flask,UniqueFlask,Large Hybrid Flask,,,
Hybrid Flask,UniqueFlask,Medium Hybrid Flask,,,
Hybrid Flask,UniqueFlask,Sacred Hybrid Flask,,,
Hybrid Flask,UniqueFlask,Small Hybrid Flask,,,
Life Flask,UniqueFlask,Colossal Life Flask,,,
Life Flask,UniqueFlask,Divine Life Flask,,,
Life Flask,UniqueFlask,Eternal Life Flask,,,
Life Flask,UniqueFlask,Giant Life Flask,,,
Life Flask,UniqueFlask,Grand Life Flask,,,
Life Flask,UniqueFlask,Greater Life Flask,,,
Life Flask,UniqueFlask,Hallowed Life Flask,,,
Life Flask,UniqueFlask,Large Life Flask,,,
Life Flask,UniqueFlask,Medium Life Flask,,,
Life Flask,UniqueFlask,Sacred Life Flask,,,
Life Flask,UniqueFlask,Sanctified Life Flask,,,
Life Flask,UniqueFlask,Small Life Flask,,,
Mana Flask,UniqueFlask,Colossal Mana Flask,,,
Mana Flask,UniqueFlask,Divine Mana Flask,,,
Mana Flask,UniqueFlask,Eternal Mana Flask,,,
Mana Flask,UniqueFlask,Giant Mana Flask,,,
Mana Flask,UniqueFlask,Grand Mana Flask,,,
Mana Flask,UniqueFlask,Greater Mana Flask,,,
Mana Flask,UniqueFlask,Hallowed Mana Flask,,,
Mana Flask,UniqueFlask,Large Mana Flask,,,
Mana Flask,UniqueFlask,Medium Mana Flask,,,
Mana Flask,UniqueFlask,Sacred Mana Flask,,,
Mana Flask,UniqueFlask,Sanctified Mana Flask,,,
Mana Flask,UniqueFlask,Small Mana Flask,,,
Utility Flask,UniqueFlask,Amethyst Flask,,,
Utility Flask,UniqueFlask,Aquamarine Flask,,,
Utility Flask,UniqueFlask,Basalt Flask,,,
Utility Flask,UniqueFlask,Bismuth Flask,,,
Utility Flask,UniqueFlask,Granite Flask,5,,
Utility Flask,UniqueFlask,Jade Flask,,,
Utility Flask,UniqueFlask,Quartz Flask,,,
Utility Flask,UniqueFlask,Quicksilver Flask,,,
Utility Flask,UniqueFlask,Ruby Flask,,,
Utility Flask,UniqueFlask,Sapphire Flask,5,,
Utility Flask,UniqueFlask,Silver Flask,,,
Utility Flask,UniqueFlask,Stibnite Flask,,,
Utility Flask,UniqueFlask,Sulphur Flask,,,
Utility Flask,UniqueFlask,Topaz Flask,,,
Abyss Jewel,UniqueJewel,Ghastly Eye Jewel,,,
Abyss Jewel,UniqueJewel,Hypnotic Eye Jewel,,,
Abyss Jewel,UniqueJewel,Murderous Eye Jewel,,,
Abyss Jewel,UniqueJewel,Searching Eye Jewel,,,
Jewel,UniqueJewel,Cobalt Jewel,,,
Jewel,UniqueJewel,Crimson Jewel,,,
Jewel,UniqueJewel,Large Cluster Jewel,,,
Jewel,UniqueJewel,Medium Cluster Jewel,,,
Jewel,UniqueJewel,Prismatic Jewel,,,
Jewel,UniqueJewel,Small Cluster Jewel,,,
Jewel,UniqueJewel,Timeless Jewel,,,
Jewel,UniqueJewel,Viridian Jewel,,,
Bows,UniqueWeapon,Assassin Bow,,,
Bows,UniqueWeapon,Bone Bow,,,
Bows,UniqueWeapon,Citadel Bow,5,,
Bows,UniqueWeapon,Composite Bow,,,
Bows,UniqueWeapon,Compound Bow,,,
Bows,UniqueWeapon,Crude Bow,,,
Bows,UniqueWeapon,Death Bow,,,
Bows,UniqueWeapon,Decimation Bow,,,
Bows,UniqueWeapon,Decurve Bow,,,
Bows,UniqueWeapon,Foundry Bow,,,
Bows,UniqueWeapon,Grove Bow,,,
Bows,UniqueWeapon,Harbinger Bow,,,
Bows,UniqueWeapon,Hedron Bow,,,
Bows,UniqueWeapon,Highborn Bow,,,
Bows,UniqueWeapon,Imperial Bow,,,
Bows,UniqueWeapon,Ivory Bow,,,
Bows,UniqueWeapon,Long Bow,,,
Bows,UniqueWeapon,Maraketh Bow,,,
Bows,UniqueWeapon,Ranger Bow,,,
Bows,UniqueWeapon,Recurve Bow,,,
Bows,UniqueWeapon,Reflex Bow,,,
Bows,UniqueWeapon,Royal Bow,,,
Bows,UniqueWeapon,Short Bow,,,
Bows,UniqueWeapon,Sniper Bow,,,
Bows,UniqueWeapon,Solarine Bow,,,
Bows,UniqueWeapon,Spine Bow,,,
Bows,UniqueWeapon,Steelwood Bow,5,,
Bows,UniqueWeapon,Thicket Bow,,,
Claws,UniqueWeapon,Awl,,,
Claws,UniqueWeapon,Blinder,,,
Claws,UniqueWeapon,Cat's Paw,,,
Claws,UniqueWeapon,Double Claw,,,
Claws,UniqueWeapon,Eagle Claw,,,
Claws,UniqueWeapon,Eye Gouger,,,
Claws,UniqueWeapon,Fright Claw,,,
Claws,UniqueWeapon,Gemini Claw,,,
Claws,UniqueWeapon,Gouger,,,
Claws,UniqueWeapon,Great White Claw,,,
Claws,UniqueWeapon,Gut Ripper,,,
Claws,UniqueWeapon,Hellion's Paw,,,
Claws,UniqueWeapon,Imperial Claw,,,
Claws,UniqueWeapon,Malign Fangs,,,
Claws,UniqueWeapon,Nailed Fist,,,
Claws,UniqueWeapon,Noble Claw,,,
Claws,UniqueWeapon,Prehistoric Claw,,,
Claws,UniqueWeapon,Shadow Fangs,,,
Claws,UniqueWeapon,Sharktooth Claw,,,
Claws,UniqueWeapon,Sparkling Claw,,,
Claws,UniqueWeapon,Terror Claw,,,
Claws,UniqueWeapon,Thresher Claw,,,
Claws,UniqueWeapon,Throat Stabber,,,
Claws,UniqueWeapon,Tiger's Paw,,,
Claws,UniqueWeapon,Timeworn Claw,,,
Claws,UniqueWeapon,Twin Claw,,,
Claws,UniqueWeapon,Vaal Claw,,,
Claws,UniqueWeapon,Void Fangs,,,
Daggers,UniqueWeapon,Ambusher,,,
Daggers,UniqueWeapon,Flaying Knife,,,
Daggers,UniqueWeapon,Glass Shank,,,
Daggers,UniqueWeapon,Gutting Knife,,,
Daggers,UniqueWeapon,Hollowpoint Dagger,,,
Daggers,UniqueWeapon,Pneumatic Dagger,,,
Daggers,UniqueWeapon,Poignard,,,
Daggers,UniqueWeapon,Pressurised Dagger,,,
Daggers,UniqueWeapon,Prong Dagger,,,
Daggers,UniqueWeapon,Sai,,,
Daggers,UniqueWeapon,Skinning Knife,,,
Daggers,UniqueWeapon,Stiletto,,,
Daggers,UniqueWeapon,Trisula,,,
Fishing Rod,UniqueWeapon,Fishing Rod,,,
One Hand Axe,UniqueWeapon,Arming Axe,,,
One Hand Axe,UniqueWeapon,Boarding Axe,,,
One Hand Axe,UniqueWeapon,Broad Axe,,,
One Hand Axe,UniqueWeapon,Butcher Axe,,,
One Hand Axe,UniqueWeapon,Ceremonial Axe,,,
One Hand Axe,UniqueWeapon,Chest Splitter,,,
One Hand Axe,UniqueWeapon,Cleaver,,,
One Hand Axe,UniqueWeapon,Decorative Axe,,,
One Hand Axe,UniqueWeapon,Disapprobation Axe,,,
One Hand Axe,UniqueWeapon,Engraved Hatchet,,,
One Hand Axe,UniqueWeapon,Etched Hatchet,,,
One Hand Axe,UniqueWeapon,Infernal Axe,,,
One Hand Axe,UniqueWeapon,Jade Hatchet,,,
One Hand Axe,UniqueWeapon,Jasper Axe,,,
One Hand Axe,UniqueWeapon,Karui Axe,,,
One Hand Axe,UniqueWeapon,Maltreatment Axe,,,
One Hand Axe,UniqueWeapon,Psychotic Axe,,,
One Hand Axe,UniqueWeapon,Reaver Axe,,,
One Hand Axe,UniqueWeapon,Royal Axe,,,
One Hand Axe,UniqueWeapon,Runic Hatchet,,,
One Hand Axe,UniqueWeapon,Rusted Hatchet,,,
One Hand Axe,UniqueWeapon,Siege Axe,5,,
One Hand Axe,UniqueWeapon,Spectral Axe,,,
One Hand Axe,UniqueWeapon,Tomahawk,,,
One Hand Axe,UniqueWeapon,Vaal Hatchet,,,
One Hand Axe,UniqueWeapon,War Axe,,,
One Hand Axe,UniqueWeapon,Wraith Axe,,,
One Hand Axe,UniqueWeapon,Wrist Chopper,,,
One Hand Mace,UniqueWeapon,Ancestral Club,,,
One Hand Mace,UniqueWeapon,Auric Mace,,,
One Hand Mace,UniqueWeapon,Barbed Club,,,
One Hand Mace,UniqueWeapon,Battle Hammer,,,
One Hand Mace,UniqueWeapon,Behemoth Mace,,,
One Hand Mace,UniqueWeapon,Bladed Mace,,,
One Hand Mace,UniqueWeapon,Boom Mace,,,
One Hand Mace,UniqueWeapon,Ceremonial Mace,,,
One Hand Mace,UniqueWeapon,Crack Mace,,,
One Hand Mace,UniqueWeapon,Dragon Mace,,,
One Hand Mace,UniqueWeapon,Dream Mace,,,
One Hand Mace,UniqueWeapon,Driftwood Club,,,
One Hand Mace,UniqueWeapon,Flanged Mace,,,
One Hand Mace,UniqueWeapon,Flare Mace,,,
One Hand Mace,UniqueWeapon,Gavel,,,
One Hand Mace,UniqueWeapon,Legion Hammer,,,
One Hand Mace,UniqueWeapon,Nightmare Mace,,,
One Hand Mace,UniqueWeapon,Ornate Mace,,,
One Hand Mace,UniqueWeapon,Pernach,,,
One Hand Mace,UniqueWeapon,Petrified Club,,,
One Hand Mace,UniqueWeapon,Phantom Mace,,,
One Hand Mace,UniqueWeapon,Rock Breaker,,,
One Hand Mace,UniqueWeapon,Spiked Club,,,
One Hand Mace,UniqueWeapon,Stone Hammer,,,
One Hand Mace,UniqueWeapon,Tenderizer,,,
One Hand Mace,UniqueWeapon,Tribal Club,,,
One Hand Mace,UniqueWeapon,War Hammer,,,
One Hand Mace,UniqueWeapon,Wyrm Mace,,,
One Hand Sword,UniqueWeapon,Anarchic Spiritblade,,,
One Hand Sword,UniqueWeapon,Ancient Sword,,,
One Hand Sword,UniqueWeapon,Baselard,,,
One Hand Sword,UniqueWeapon,Battle Sword,,,
One Hand Sword,UniqueWeapon,Broad Sword,,,
One Hand Sword,UniqueWeapon,Capricious Spiritblade,,,
One Hand Sword,UniqueWeapon,Copper Sword,,,
One Hand Sword,UniqueWeapon,Corsair Sword,,,
One Hand Sword,UniqueWeapon,Cutlass,,,
One Hand Sword,UniqueWeapon,Dusk Blade,,,
One Hand Sword,UniqueWeapon,Elder Sword,,,
One Hand Sword,UniqueWeapon,Elegant Sword,,,
One Hand Sword,UniqueWeapon,Eternal Sword,,,
One Hand Sword,UniqueWeapon,Fickle Spiritblade,,,
One Hand Sword,UniqueWeapon,Gemstone Sword,,,
One Hand Sword,UniqueWeapon,Gladius,,,
One Hand Sword,UniqueWeapon,Golden Blade,,,
One Hand Sword,UniqueWeapon,Graceful Sword,,,
One Hand Sword,UniqueWeapon,Grappler,,,
One Hand Sword,UniqueWeapon,Hook Sword,,,
One Hand Sword,UniqueWeapon,Legion Sword,,,
One Hand Sword,UniqueWeapon,Midnight Blade,,,
One Hand Sword,UniqueWeapon,Rusted Sword,,,
One Hand Sword,UniqueWeapon,Sabre,,,
One Hand Sword,UniqueWeapon,Tiger Hook,,,
One Hand Sword,UniqueWeapon,Twilight Blade,,,
One Hand Sword,UniqueWeapon,Vaal Blade,,,
One Hand Sword,UniqueWeapon,Variscite Blade,,,
One Hand Sword,UniqueWeapon,War Sword,,,
Rune Daggers,UniqueWeapon,Boot Blade,,,
Rune Daggers,UniqueWeapon,Boot Knife,,,
Rune Daggers,UniqueWeapon,Butcher Knife,,,
Rune Daggers,UniqueWeapon,Carving Knife,,,
Rune Daggers,UniqueWeapon,Copper Kris,,,
Rune Daggers,UniqueWeapon,Demon Dagger,5,,
Rune Daggers,UniqueWeapon,Ezomyte Dagger,,,
Rune Daggers,UniqueWeapon,Fiend Dagger,,,
Rune Daggers,UniqueWeapon,Flashfire Blade,,,
Rune Daggers,UniqueWeapon,Flickerflame Blade,,,
Rune Daggers,UniqueWeapon,Golden Kris,,,
Rune Daggers,UniqueWeapon,Imp Dagger,,,
Rune Daggers,UniqueWeapon,Imperial Skean,,,
Rune Daggers,UniqueWeapon,Infernal Blade,,,
Rune Daggers,UniqueWeapon,Platinum Kris,,,
Rune Daggers,UniqueWeapon,Royal Skean,,,
Rune Daggers,UniqueWeapon,Skean,,,
Rune Daggers,UniqueWeapon,Slaughter Knife,,,
Sceptres,UniqueWeapon,Abyssal Sceptre,,,
Sceptres,UniqueWeapon,Alternating Sceptre,,,
Sceptres,UniqueWeapon,Blood Sceptre,,,
Sceptres,UniqueWeapon,Bronze Sceptre,,,
Sceptres,UniqueWeapon,Carnal Sceptre,,,
Sceptres,UniqueWeapon,Crystal Sceptre,,,
Sceptres,UniqueWeapon,Darkwood Sceptre,,,
Sceptres,UniqueWeapon,Driftwood Sceptre,,,
Sceptres,UniqueWeapon,Grinning Fetish,,,
Sceptres,UniqueWeapon,Horned Sceptre,,,
Sceptres,UniqueWeapon,Iron Sceptre,,,
Sceptres,UniqueWeapon,Karui Sceptre,,,
Sceptres,UniqueWeapon,Lead Sceptre,,,
Sceptres,UniqueWeapon,Ochre Sceptre,,,
Sceptres,UniqueWeapon,Opal Sceptre,,,
Sceptres,UniqueWeapon,Oscillating Sceptre,,,
Sceptres,UniqueWeapon,Platinum Sceptre,,,
Sceptres,UniqueWeapon,Quartz Sceptre,,,
Sceptres,UniqueWeapon,Ritual Sceptre,,,
Sceptres,UniqueWeapon,Royal Sceptre,,,
Sceptres,UniqueWeapon,Sambar Sceptre,,,
Sceptres,UniqueWeapon,Sekhem,,,
Sceptres,UniqueWeapon,Shadow Sceptre,,,
Sceptres,UniqueWeapon,Stabilising Sceptre,,,
Sceptres,UniqueWeapon,Stag Sceptre,,,
Sceptres,UniqueWeapon,Tyrant's Sekhem,,,
Sceptres,UniqueWeapon,Vaal Sceptre,,,
Sceptres,UniqueWeapon,Void Sceptre,,,
Staves,UniqueWeapon,Battery Staff,,,
Staves,UniqueWeapon,Crescent Staff,,,
Staves,UniqueWeapon,Eclipse Staff,,,
Staves,UniqueWeapon,Gnarled Branch,,,
Staves,UniqueWeapon,Highborn Staff,,,
Staves,UniqueWeapon,Imperial Staff,,,
Staves,UniqueWeapon,Lathi,,,
Staves,UniqueWeapon,Long Staff,,,
Staves,UniqueWeapon,Moon Staff,,,
Staves,UniqueWeapon,Primitive Staff,,,
Staves,UniqueWeapon,Primordial Staff,,,
Staves,UniqueWeapon,Quarterstaff,,,
Staves,UniqueWeapon,Reciprocation Staff,,,
Staves,UniqueWeapon,Royal Staff,,,
Staves,UniqueWeapon,Transformer Staff,,,
Staves,UniqueWeapon,Woodful Staff,,,
Thrusting One Hand Sword,UniqueWeapon,Antique Rapier,,,
Thrusting One Hand Sword,UniqueWeapon,Apex Rapier,,,
Thrusting One Hand Sword,UniqueWeapon,Basket Rapier,,,
Thrusting One Hand Sword,UniqueWeapon,Battered Foil,,,
Thrusting One Hand Sword,UniqueWeapon,Burnished Foil,,,
Thrusting One Hand Sword,UniqueWeapon,Courtesan Sword,,,
Thrusting One Hand Sword,UniqueWeapon,Dragonbone Rapier,,,
Thrusting One Hand Sword,UniqueWeapon,Dragoon Sword,,,
Thrusting One Hand Sword,UniqueWeapon,Elegant Foil,,,
Thrusting One Hand Sword,UniqueWeapon,Estoc,,,
Thrusting One Hand Sword,UniqueWeapon,Fancy Foil,,,
Thrusting One Hand Sword,UniqueWeapon,Harpy Rapier,,,
Thrusting One Hand Sword,UniqueWeapon,Jagged Foil,,,
Thrusting One Hand Sword,UniqueWeapon,Jewelled Foil,5,,
Thrusting One Hand Sword,UniqueWeapon,Pecoraro,,,
Thrusting One Hand Sword,UniqueWeapon,Primeval Rapier,,,
Thrusting One Hand Sword,UniqueWeapon,Rusted Spike,,,
Thrusting One Hand Sword,UniqueWeapon,Serrated Foil,,,
Thrusting One Hand Sword,UniqueWeapon,Smallsword,,,
Thrusting One Hand Sword,UniqueWeapon,Spiraled Foil,,,
Thrusting One Hand Sword,UniqueWeapon,Tempered Foil,,,
Thrusting One Hand Sword,UniqueWeapon,Thorn Rapier,,,
Thrusting One Hand Sword,UniqueWeapon,Vaal Rapier,1000,,
Thrusting One Hand Sword,UniqueWeapon,Whalebone Rapier,,,
Thrusting One Hand Sword,UniqueWeapon,Wyrmbone Rapier,,,
Two Hand Axe,UniqueWeapon,Abyssal Axe,,,
Two Hand Axe,UniqueWeapon,Apex Cleaver,,,
Two Hand Axe,UniqueWeapon,Dagger Axe,,,
Two Hand Axe,UniqueWeapon,Despot Axe,,,
Two Hand Axe,UniqueWeapon,Double Axe,,,
Two Hand Axe,UniqueWeapon,Ezomyte Axe,,,
Two Hand Axe,UniqueWeapon,Fleshripper,,,
Two Hand Axe,UniqueWeapon,Gilded Axe,,,
Two Hand Axe,UniqueWeapon,Headsman Axe,,,
Two Hand Axe,UniqueWeapon,Honed Cleaver,,,
Two Hand Axe,UniqueWeapon,Jade Chopper,,,
Two Hand Axe,UniqueWeapon,Jasper Chopper,,,
Two Hand Axe,UniqueWeapon,Karui Chopper,,,
Two Hand Axe,UniqueWeapon,Labrys,,,
Two Hand Axe,UniqueWeapon,Noble Axe,,,
Two Hand Axe,UniqueWeapon,Poleaxe,,,
Two Hand Axe,UniqueWeapon,Prime Cleaver,,,
Two Hand Axe,UniqueWeapon,Shadow Axe,,,
Two Hand Axe,UniqueWeapon,Stone Axe,,,
Two Hand Axe,UniqueWeapon,Sundering Axe,,,
Two Hand Axe,UniqueWeapon,Talon Axe,,,
Two Hand Axe,UniqueWeapon,Timber Axe,,,
Two Hand Axe,UniqueWeapon,Vaal Axe,,,
Two Hand Axe,UniqueWeapon,Void Axe,,,
Two Hand Axe,UniqueWeapon,Woodsplitter,,,
Two Hand Mace,UniqueWeapon,Blunt Force Condenser,,,
Two Hand Mace,UniqueWeapon,Brass Maul,,,
Two Hand Mace,UniqueWeapon,Colossus Mallet,,,
Two Hand Mace,UniqueWeapon,Coronal Maul,,,
Two Hand Mace,UniqueWeapon,Crushing Force Magnifier,,,
Two Hand Mace,UniqueWeapon,Dread Maul,,,
Two Hand Mace,UniqueWeapon,Driftwood Maul,,,
Two Hand Mace,UniqueWeapon,Fright Maul,,,
Two Hand Mace,UniqueWeapon,Great Mallet,,,
Two Hand Mace,UniqueWeapon,Impact Force Propagator,,,
Two Hand Mace,UniqueWeapon,Imperial Maul,,,
Two Hand Mace,UniqueWeapon,Jagged Maul,,,
Two Hand Mace,UniqueWeapon,Karui Maul,,,
Two Hand Mace,UniqueWeapon,Mallet,,,
Two Hand Mace,UniqueWeapon,Meatgrinder,,,
Two Hand Mace,UniqueWeapon,Morning Star,,,
Two Hand Mace,UniqueWeapon,Piledriver,,,
Two Hand Mace,UniqueWeapon,Plated Maul,,,
Two Hand Mace,UniqueWeapon,Sledgehammer,,,
Two Hand Mace,UniqueWeapon,Solar Maul,,,
Two Hand Mace,UniqueWeapon,Spiny Maul,,,
Two Hand Mace,UniqueWeapon,Steelhead,,,
Two Hand Mace,UniqueWeapon,Terror Maul,,,
Two Hand Mace,UniqueWeapon,Totemic Maul,,,
Two Hand Mace,UniqueWeapon,Tribal Maul,,,
Two Hand Sword,UniqueWeapon,Banishing Blade,,,
Two Hand Sword,UniqueWeapon,Bastard Sword,,,
Two Hand Sword,UniqueWeapon,Blasting Blade,,,
Two Hand Sword,UniqueWeapon,Butcher Sword,,,
Two Hand Sword,UniqueWeapon,Charan's Sword,175,,
Two Hand Sword,UniqueWeapon,Corroded Blade,,,
Two Hand Sword,UniqueWeapon,Curved Blade,,,
Two Hand Sword,UniqueWeapon,Engraved Greatsword,,,
Two Hand Sword,UniqueWeapon,Etched Greatsword,,,
Two Hand Sword,UniqueWeapon,Exquisite Blade,,,
Two Hand Sword,UniqueWeapon,Ezomyte Blade,,,
Two Hand Sword,UniqueWeapon,Footman Sword,,,
Two Hand Sword,UniqueWeapon,Headman's Sword,,,
Two Hand Sword,UniqueWeapon,Highland Blade,,,
Two Hand Sword,UniqueWeapon,Infernal Sword,,,
Two Hand Sword,UniqueWeapon,Lion Sword,,,
Two Hand Sword,UniqueWeapon,Lithe Blade,,,
Two Hand Sword,UniqueWeapon,Longsword,,,
Two Hand Sword,UniqueWeapon,Ornate Sword,,,
Two Hand Sword,UniqueWeapon,Reaver Sword,,,
Two Hand Sword,UniqueWeapon,Rebuking Blade,,,
Two Hand Sword,UniqueWeapon,Spectral Sword,,,
Two Hand Sword,UniqueWeapon,Tiger Sword,,,
Two Hand Sword,UniqueWeapon,Two-Handed Sword,,,
Two Hand Sword,UniqueWeapon,Vaal Greatsword,,,
Two Hand Sword,UniqueWeapon,Wraith Sword,,,
Wands,UniqueWeapon,Accumulator Wand,,,
Wands,UniqueWeapon,Assembler Wand,,,
Wands,UniqueWeapon,Carved Wand,,,
Wands,UniqueWeapon,Congregator Wand,,,
Wands,UniqueWeapon,Convoking Wand,,,
Wands,UniqueWeapon,Crystal Wand,,,
Wands,UniqueWeapon,Demon's Horn,,,
Wands,UniqueWeapon,Driftwood Wand,,,
Wands,UniqueWeapon,Engraved Wand,,,
Wands,UniqueWeapon,Faun's Horn,,,
Wands,UniqueWeapon,Goat's Horn,,,
Wands,UniqueWeapon,Heathen Wand,,,
Wands,UniqueWeapon,Imbued Wand,,,
Wands,UniqueWeapon,Omen Wand,,,
Wands,UniqueWeapon,Opal Wand,,,
Wands,UniqueWeapon,Pagan Wand,,,
Wands,UniqueWeapon,Profane Wand,,,
Wands,UniqueWeapon,Prophecy Wand,300,,
Wands,UniqueWeapon,Quartz Wand,,,
Wands,UniqueWeapon,Sage Wand,,,
Wands,UniqueWeapon,Serpent Wand,,,
Wands,UniqueWeapon,Spiraled Wand,,,
Wands,UniqueWeapon,Tornado Wand,,,
Warstaves,UniqueWeapon,Capacity Rod,,,
Warstaves,UniqueWeapon,Coiled Staff,,,
Warstaves,UniqueWeapon,Eventuality Rod,,,
Warstaves,UniqueWeapon,Ezomyte Staff,,,
Warstaves,UniqueWeapon,Foul Staff,,,
Warstaves,UniqueWeapon,Iron Staff,,,
Warstaves,UniqueWeapon,Judgement Staff,,,
Warstaves,UniqueWeapon,Maelström Staff,,,
Warstaves,UniqueWeapon,Military Staff,,,
Warstaves,UniqueWeapon,Potentiality Rod,,,
Warstaves,UniqueWeapon,Serpentine Staff,,,
Warstaves,UniqueWeapon,Vile Staff,,,
Stackable Currency,Vial,Vial of Awakening,1,,
Stackable Currency,Vial,Vial of Consequence,1,,
Stackable Currency,Vial,Vial of Dominance,1,,
Stackable Currency,Vial,Vial of Fate,1,,
Stackable Currency,Vial,Vial of Sacrifice,1,,
Stackable Currency,Vial,Vial of Summoning,1,,
Stackable Currency,Vial,Vial of the Ghost,1,,
Stackable Currency,Vial,Vial of the Ritual,1,,
Stackable Currency,Vial,Vial of Transcendence,1,,
Stackable Currency,Currency,Abrasive Catalyst,,,
Stackable Currency,Currency,Accelerating Catalyst,,,
Stackable Currency,Currency,Albino Rhoa Feather,,,
Stackable Currency,Currency,Alchemy Shard,,,
Stackable Currency,Currency,Ancient Orb,,,
Stackable Currency,Currency,Ancient Shard,,,
Stackable Currency,Currency,Annulment Shard,,,
Stackable Currency,Currency,Apprentice Cartographer's Seal,,,
Stackable Currency,Currency,Armourer's Scrap,,,
Stackable Currency,Currency,Awakened Sextant,,,
Stackable Currency,Currency,Awakener's Orb,,,
Stackable Currency,Currency,Bestiary Orb,,,
Stackable Currency,Currency,Binding Shard,,,
Stackable Currency,Currency,Blacksmith's Whetstone,,,
Stackable Currency,Currency,Blessed Orb,,,
Stackable Currency,Currency,Blessing of Chayula,,,
Stackable Currency,Currency,Blessing of Esh,,,
Stackable Currency,Currency,Blessing of Tul,,,
Stackable Currency,Currency,Blessing of Uul-Netol,,,
Stackable Currency,Currency,Blessing of Xoph,,,
Stackable Currency,Currency,Cartographer's Chisel,,,
Stackable Currency,Currency,Chaos Orb,,,
Stackable Currency,Currency,Chaos Shard,,,
Stackable Currency,Currency,Chromatic Orb,,,
Stackable Currency,Currency,Crusader's Exalted Orb,,,
Stackable Currency,Currency,Deafening Essence,,,
Stackable Currency,Currency,Deregulation Scroll,,,
Stackable Currency,Currency,Divine Orb,,,
Stackable Currency,Currency,Electroshock Scroll,,,
Stackable Currency,Currency,Elevated Sextant,,,
Stackable Currency,Currency,Empire Splinter,,,
Stackable Currency,Currency,Engineer's Orb,,,
Stackable Currency,Currency,Engineer's Shard,,,
Stackable Currency,Currency,Eternal Orb,,,
Stackable Currency,Currency,Exalted Orb,,,
Stackable Currency,Currency,Exalted Shard,,,
Stackable Currency,Currency,Facetor's Lens,,,
Stackable Currency,Currency,Fertile Catalyst,,,
Stackable Currency,Currency,Fragmentation Scroll,,,
Stackable Currency,Currency,Gemcutter's Prism,,,
Stackable Currency,Currency,Glassblower's Bauble,,,
Stackable Currency,Currency,Haemocombustion Scroll,,,
Stackable Currency,Currency,Harbinger's Orb,,,
Stackable Currency,Currency,Harbinger's Shard,,,
Stackable Currency,Currency,Horizon Shard,,,
Stackable Currency,Currency,Hunter's Exalted Orb,,,
Stackable Currency,Currency,Imbued Catalyst,,,
Stackable Currency,Currency,Imprint,,,
Stackable Currency,Currency,Imprinted Bestiary Orb,,,
Stackable Currency,Currency,Intrinsic Catalyst,,,
Stackable Currency,Currency,Jeweller's Orb,,,
Stackable Currency,Currency,Journeyman Cartographer's Seal,,,
Stackable Currency,Currency,Master Cartographer's Seal,,,
Stackable Currency,Currency,Maven's Orb,,,
Stackable Currency,Currency,Mirror of Kalandra,,,
Stackable Currency,Currency,Mirror Shard,,,
Stackable Currency,Currency,Muttering Essence,,,
Stackable Currency,Currency,Necromancy Net,,,
Stackable Currency,Currency,Noxious Catalyst,,,
Stackable Currency,Currency,Orb of Alchemy,,,
Stackable Currency,Currency,Orb of Alteration,,,
Stackable Currency,Currency,Orb of Annulment,,,
Stackable Currency,Currency,Orb of Augmentation,,,
Stackable Currency,Currency,Orb of Binding,,,
Stackable Currency,Currency,Orb of Chance,,,
Stackable Currency,Currency,Orb of Fusing,,,
Stackable Currency,Currency,Orb of Horizons,,,
Stackable Currency,Currency,Orb of Regret,,,
Stackable Currency,Currency,Orb of Scouring,,,
Stackable Currency,Currency,Orb of Transmutation,,,
Stackable Currency,Currency,Orb of Unmaking,,,
Stackable Currency,Currency,Perandus Coin,,,
Stackable Currency,Currency,Portal Scroll,,,
Stackable Currency,Currency,Prime Regrading Lens,,,
Stackable Currency,Currency,Prime Sextant,,,
Stackable Currency,Currency,Prismatic Catalyst,,,
Stackable Currency,Currency,Redeemer's Exalted Orb,,,
Stackable Currency,Currency,Regal Orb,,,
Stackable Currency,Currency,Regal Shard,,,
Stackable Currency,Currency,Reinforced Iron Net,,,
Stackable Currency,Currency,Reinforced Rope Net,,,
Stackable Currency,Currency,Reinforced Steel Net,,,
Stackable Currency,Currency,Ritual Splinter,,,
Stackable Currency,Currency,Ritual Vessel,,,
Stackable Currency,Currency,Rogue's Marker,,,
Stackable Currency,Currency,Scroll of Wisdom,,,
Stackable Currency,Currency,Secondary Regrading Lens,,,
Stackable Currency,Currency,Silver Coin,,,
Stackable Currency,Currency,Simple Iron Net,,,
Stackable Currency,Currency,Simple Rope Net,,,
Stackable Currency,Currency,Simple Sextant,,,
Stackable Currency,Currency,Simple Steel Net,,,
Stackable Currency,Currency,Specularity Scroll,,,
Stackable Currency,Currency,Stacked Deck,,,
Stackable Currency,Currency,Strong Iron Net,,,
Stackable Currency,Currency,Strong Rope Net,,,
Stackable Currency,Currency,Strong Steel Net,,,
Stackable Currency,Currency,Tailoring Orb,,,
Stackable Currency,Currency,Tempering Catalyst,,,
Stackable Currency,Currency,Tempering Orb,,,
Stackable Currency,Currency,Thaumaturgical Net,,,
Stackable Currency,Currency,Time-light Scroll,,,
Stackable Currency,Currency,Turbulent Catalyst,,,
Stackable Currency,Currency,Unshaping Orb,,,
Stackable Currency,Currency,Unstable Catalyst,,,
Stackable Currency,Currency,Vaal Orb,,,
Stackable Currency,Currency,Veiled Chaos Orb,,,
Stackable Currency,Currency,Warlord's Exalted Orb,,,
Stackable Currency,Currency,Alteration Shard,,,
Stackable Currency,Currency,Scroll Fragment,,,
Stackable Currency,Currency,Transmutation Shard,,,
