BaseType,Name,League,Usage,Unobtainable,Source
Abyssal Axe,Ngamahu's Flame,,,,
Agate Amulet,Extractor Mentis,,,,
Agate Amulet,Shaper's Seed,,,,
Agate Amulet,The Aylardex,,,,
Agate Amulet,Voll's Devotion,Anarchy|Onslaught,,,
Amber Amulet,Blood of Corruption,,,,Crafted
Amber Amulet,Xoph's Heart,Breach,Upgradable,,
Amber Amulet,The Anvil,,,,
Amber Amulet,Xoph's Blood,Breach,,,Crafted
Ambush Mitts,Slavedriver's Hand,Incursion,,,Crafted
Ambusher,Taproot,,,,
Amethyst Flask,Atziri's Promise,,,,Atziri
Amethyst Ring,Death Rush,Onslaught,,,
Amethyst Ring,Ming's Heart,,,,
Ancient Gauntlets,Winds of Change,,,,Labyrinth
Ancient Greaves,Redblade Tramplers,Warbands,,,
Ancient Spirit Shield,Apep's Slumber,Incursion,Upgradable,,T3 Poison Garden (Toxic Grove)
Antique Rapier,Ewar's Mirage,,,,
Arcanist Gloves,Grip of the Council,,,,Prophecy: The Unbreathing Queen
Arcanist Slippers,Inya's Epiphany,,,,Pale Court
Archon Kite Shield,Broken Faith,Warbands,,,
Archon Kite Shield,Invictus Solaris,,Recipe,,
Archon Kite Shield,Prism Guardian,,,,
Archon Kite Shield,The Unshattered Will,Harbinger,,,Crafted
Archon Kite Shield,Unyielding Flame,,,,
Archon Kite Shield Piece,First Piece of Focus,Harbinger,Piece,,
Archon Kite Shield Piece,Second Piece of Focus,Harbinger,Piece,,
Archon Kite Shield Piece,Third Piece of Focus,Harbinger,Piece,,
Archon Kite Shield Piece,Fourth Piece of Focus,Harbinger,Piece,,
Assassin Bow,Arborix,,,,Crafted
Assassin Bow,Chin Sol,,,,
Assassin Bow,Darkscorn,Legion,,,
Assassin's Boots,Fenumus' Spinnerets,Bestiary,,,Fenumus
Assassin's Garb,Cospri's Will,,,,
Assassin's Mitts,Blasphemer's Grasp,,,,Elder
Assassin's Mitts,Snakebite,,,,
Astral Plate,Death's Oath,,,,
Auric Mace,Callinellus Malleus,,,,
Aventail Helmet,Mindspiral,,,,
Awl,Wildslash,,,,
Baroque Round Shield,Daresso's Courage,,,,
Basket Rapier,Aurumvorax,,,,
Bastard Sword,Shiversting,,,,
Bismuth Flask,The Wise Oak,,,,
Black Maw Talisman,Night's Hold,Talisman,,,
Blinder,Hand of Thought and Motion,Breach,Upgradable,,
Blood Raiment,Saqawal's Nest,Bestiary,,,Saqawal
Blue Pearl Amulet,Gloomfang,,,,
Blunt Arrow Quiver,Maloney's Nightfall,,,,
Blunt Arrow Quiver,The Fracturing Spinner,Harbinger,,,Crafted
Blunt Arrow Quiver Piece,First Piece of Directions,Harbinger,Piece,,
Blunt Arrow Quiver Piece,Second Piece of Directions,Harbinger,Piece,,
Blunt Arrow Quiver Piece,Third Piece of Directions,Harbinger,Piece,,
Bone Armour,Bloodbond,,,,
Bone Bow,Xoph's Inception,Breach,Upgradable,,
Bone Circlet,Wraithlord,,,,
Boot Blade,Widowmaker,,,,
Boot Knife,Ungil's Gauche,,,,
Branded Kite Shield,Saffell's Frame,,,,
Brass Maul,Geofri's Baptism,,Prophecy,,
Brass Maul,Geofri's Devotion,,,,Fated
Brass Spirit Shield,Sentari's Answer,,,,
Broadhead Arrow Quiver,Rearguard,,,,
Bronze Gauntlets,Giantsbane,,,,
Bronze Sceptre,Axiom Perpetuum,,,,
Bronzescale Boots,Lioneye's Paws,Legion,,,
Bronzescale Gauntlets,Slitherpinch,,,,
Bronzescale Gauntlets,Vaal Caress,Invasion|Ambush,,,
Buckskin Tunic,Ashrend,,,,
Burnished Spiked Shield,Glitterdisc,,,,Labyrinth
Callous Mask,The Tempest's Binding,Harbinger,,,Crafted
Callous Mask Piece,First Piece of Storms,Harbinger,Piece,,
Callous Mask Piece,Second Piece of Storms,Harbinger,Piece,,
Callous Mask Piece,Third Piece of Storms,Harbinger,Piece,,
Cardinal Round Shield,Vix Lunaris,,Recipe,,
Carnal Armour,Shroud of the Lightless,Abyss,,,Lich
Carnal Armour,The Restless Ward,,,,
Carnal Boots,Omeyocan,Incursion,,,Crafted
Carnal Mitts,Fenumus' Weave,Bestiary,,,Fenumus
Carnal Mitts,The Embalmer,,,,
Carnal Sceptre,Breath of the Council,,,,Prophecy: The Plaguemaw
Carved Wand,Storm Prison,,,,
Carved Wand,The Poet's Pen,,,,
Cedar Tower Shield,Trolltimber Spire,Tempest,,,
Chain Belt,Bated Breath,,,,
Chain Belt,Ascent From Flesh,,,,Prophecy: Thaumaturgical History
Chain Belt,Maligaro's Restraint,,,,
Chain Belt,Coward's Chains,Incursion,Upgradable,,T3 Hatchery (Hybridisation Chamber)
Chain Belt,Coward's Legacy,Incursion,,,Crafted
Chain Gloves,Shackles of the Wretched,,,,
Champion Kite Shield,Aegis Aurora,,,,
Charan's Sword,Oni-Goroshi,,,,Hillock
Citadel Bow,Xoph's Nurture,Breach,,,Crafted
Citrine Amulet,Daresso's Salute,Anarchy,,,
Citrine Amulet,Eye of Innocence,,,,Phoenix
Clasped Boots,Sundance,,Prophecy,,
Clasped Boots,Sunspite,,,,Fated
Clasped Mitts,Shadows and Dust,Rampage,,,
Cleaver,Dreadarc,,Prophecy,,
Cleaver,Dreadsurge,,,,Fated
Close Helmet,The Baron,,,,
Cloth Belt,Perandus Blazon,,,,
Cloth Belt,Sunblast,,,,
Cloth Belt,Soulthirst,,,,
Cloth Belt,Soul Tether,,,,
Cloth Belt,The Flow Untethered,Harbinger,,,Crafted
Cloth Belt Piece,First Piece of Time,Harbinger,Piece,,
Cloth Belt Piece,Second Piece of Time,Harbinger,Piece,,
Clutching Talisman,Blightwell,Talisman HC,,,
Coiled Staff,Xirgil's Crank,,,,Labyrinth
Colossal Tower Shield,Ahn's Heritage,,,,
Compound Spiked Shield,Maligaro's Lens,,,,
Conjurer Boots,Rainbowstride,,,,
Conjurer Gloves,Voidbringer,,,,
Conquest Chainmail,Kingsguard,,,,
Copper Plate,Solaris Lorica,,,,
Coral Amulet,Araku Tiki,,Prophecy,,
Coral Amulet,Ngamahu Tiki,,,,Fated
Coral Ring,Kaom's Sign,,Prophecy,,
Coral Ring,Bloodboil,,Prophecy,,
Coral Ring,Kaom's Way,,,,Fated
Coral Ring,Sibyl's Lament,,,,
Coral Ring,Winterweave,,,,Fated
Coronal Leather,The Snowblind Grace,Breach,Upgradable,,
Corrugated Buckler,Great Old One's Ward,,,,
Corsair Sword,Ichimonji,,,,
Crude Bow,Silverbranch,,Prophecy,,
Crude Bow,Silverbough,,,,Fated
Crusader Boots,Death's Door,,,,Labyrinth
Crusader Chainmail,Ambu's Charge,,,,
Crusader Gloves,Repentance,,,,
Crusader Gloves,Shaper's Touch,,,,Shaper
Crusader Helmet,Mask of the Spirit Drinker,Incursion,Upgradable,,T3 Pools of Restoration (Sanctum of Immortality)
Crusader Plate,Iron Heart,,Prophecy,,
Crusader Plate,Lioneye's Vision,,,,
Crystal Belt,Auxium,,,,
Crystal Sceptre,Nycta's Lantern,,,,
Crystal Sceptre,The Supreme Truth,,,,
Crystal Wand,Eclipse Solaris,,,,
Crystal Wand,Corona Solaris,,,,Fated
Cutlass,Severed in Sleep,Breach,Upgradable,,
Cutlass,United in Dream,Breach,,,Crafted
Cutthroat's Garb,Bronn's Lithe,,,,
Death Bow,Death's Harp,,Prophecy,,
Death Bow,Iron Commander,,,,
Death Bow,Death's Opus,,,,Fated
Decimation Bow,Infractem,,,,
Decorative Axe,Relentless Fury,,,,
Deerskin Boots,Deerstalker,,,,
Deerskin Gloves,Maligaro's Virtuosity,Legion,,,
Deicide Mask,Heretic's Veil,,,,
Demon Dagger,Vulconus,,,,
Demon's Horn,Obliteration,,,,
Desert Brigandine,Lightning Coil,,,,
Despot Axe,Debeon's Dirge,,,,
Despot Axe,Kingmaker,,,,Crafted
Destiny Leather,Queen of the Forest,,,,
Destroyer Regalia,The Coming Calamity,,,,
Diamond Flask,Coralito's Signature,,,,
Diamond Ring,Gifts from Above,Anarchy,,,
Diamond Ring,Romira's Banquet,,,,
Dragonscale Boots,Darkray Vectors,,,,
Dragonscale Gauntlets,Surgebinders,,,,
Dread Maul,Voidhome,,,,
Dream Mace,Flesh-Eater,,,,
Driftwood Wand,Lifesprig,,,,
Driftwood Wand,Splinter of the Moon,Descent: Champions,,X,
Dusk Blade,Ephemeral Edge,,,,
Ebony Tower Shield,Chernobog's Pillar,,,,
Ebony Tower Shield,Tukohama's Fortress,,,,
Elder Sword,Innsbury Edge,,,,
Elegant Foil,Chitus' Needle,,,,Labyrinth
Elegant Ringmail,Geofri's Sanctuary,,,,
Elegant Ringmail,Loreweave,,,,Crafted
Elegant Sword,Lakishu's Blade,,,,
Elegant Sword,The Goddess Scorned,,,,Crafted
Enameled Buckler,Mutewind Pennant,Warbands,,,
Engraved Wand,Midnight Bargain,,,,
Estoc,Daresso's Passion,,,,
Etched Greatsword,Edge of Madness,Beyond,,,
Eternal Sword,Beltimber Blade,,Recipe,,The Constrictor
Eternal Sword,Dreamfeather,,,,
Eternal Sword,Grelwood Shank,,Recipe,,The Constrictor
Eternal Sword,The Goddess Unleashed,,,X,Crafted
Exquisite Leather,Kintsugi,,,,Prophecy: Deadly Rivalry
Exquisite Leather,Yriel's Fostering,,,,Pale Court
Ezomyte Axe,Sinvicta's Mettle,,,,
Ezomyte Blade,Kondo's Pride,,,,
Ezomyte Burgonet,Abyssus,,,,
Ezomyte Staff,Cane of Unravelling,,,,
Ezomyte Tower Shield,The Anticipation,Breach,Upgradable,,
Ezomyte Tower Shield,The Surrender,Breach,,,Crafted
Festival Mask,Leer Cast,,,,
Fiend Dagger,Arakaali's Fang,,,,
Fiend Dagger,The Consuming Dark,,,,
Fire Arrow Quiver,Blackgleam,,Prophecy,,
Fire Arrow Quiver,The Signal Fire,,,,Fated
Flaying Knife,Mightflay,,,,
Fright Claw,Mortem Morsu,,,,
Full Dragonscale,Daresso's Defiance,,,,
Full Scale Armour,Viper's Scales,,,,Labyrinth
Full Wyrmscale,Belly of the Beast,,,,
Gavel,Cameria's Avarice,,,,Fated
Gavel,Cameria's Maul,,Prophecy,,
Gavel,Mjölner,,,,
Gemstone Sword,Fate of the Vaal,Incursion,,,Crafted
Gilded Sallet,Deidbell,,Prophecy,,
Gilded Sallet,Deidbellow,,,,Fated
Gladiator Plate,The Brass Dome,,,,Minotaur
Gladius,Scaeva,,,,
Glorious Plate,Kaom's Heart,,,,
Gnarled Branch,The Blood Thorn,,,,
Gnarled Branch,Fencoil,,Prophecy,,
Gnarled Branch,Mirebough,,,,Fated
Goat's Horn,Abberath's Horn,,,,
Goathide Boots,Abberath's Hooves,,,,
Goathide Boots,Victario's Flight,,,,
Goathide Gloves,Hrimsorrow,,Prophecy,,
Goathide Gloves,Hrimburn,,,,Fated
Gold Amulet,The Ascetic,,,,Prophecy: The Ambitious Bandit
Gold Amulet,The Ignomon,,Prophecy,,
Gold Amulet,Bisco's Collar,,,,
Gold Amulet,Winterheart,,,,
Gold Amulet,The Effigon,,,,Fated
Gold Amulet,Demigod's Presence,Closed Beta Races,,X,
Gold Ring,Andvarius,,,,
Gold Ring,Ventor's Gamble,,,,
Golden Bracers,Demigod's Touch,Race Season 5|Race Season 6,,X,
Golden Buckler,Atziri's Mirror,,Prophecy,,
Golden Buckler,Atziri's Reflection,,,,Fated
Golden Caligae,Demigod's Stride,Race Season 3|Race Season 4,,X,
Golden Flame,Demigod's Beacon,Emberwake Race Season|Bloodgrip Race Season|Soulthirst Race Season,,X,
Golden Mantle,Demigod's Dominance,Winterheart|Medallion,,X,
Golden Mask,The Three Dragons,,,,
Golden Obi,Demigod's Bounty,Race Season 7|Race Season 8,,X,
Golden Plate,Greed's Embrace,,,,
Golden Plate,Craiceann's Carapace,Bestiary,,,Craiceann
Golden Wreath,Demigod's Triumph,Race Season 1|Race Season 2,,X,
Goliath Gauntlets,Empire's Grasp,,,,
Goliath Greaves,Craiceann's Tracks,Bestiary,,,Craiceann
Goliath Greaves,The Infinite Pursuit,Breach,Upgradable,,
Grand Mana Flask,Zerphi's Last Breath,Perandus,,,
Granite Flask,Lion's Roar,,,,
Granite Flask,Rumi's Concoction,,,,
Great Crown,Geofri's Crest,,Prophecy,,
Great Crown,Lightpoacher,Abyss,,,Lich
Great Helmet,Veil of the Night,,,,
Great Mallet,Chober Chaber,,Prophecy,,
Great Mallet,Trypanon,Perandus,,,
Greater Mana Flask,Doedre's Elixir,,,,
Greatwolf Talisman,Eyes of the Greatwolf,Talisman,,,
Grinning Fetish,Earendel's Embrace,,,,
Gut Ripper,Advancing Fortress,,,,
Gut Ripper,Ornament of the East,,,,
Hallowed Hybrid Flask,The Writhing Jar,,,,
Harbinger Bow,Nuro's Harp,,,,
Harbinger Bow,Slivertongue,,,,Hydra
Harlequin Mask,Farrul's Bite,Bestiary,,,Farrul
Harlequin Mask,Mind of the Council,,,,Prophecy: Unbearable Whispers
Harmonic Spirit Shield,Malachai's Loop,,,,
Headsman Axe,The Blood Reaper,,,,
Heavy Belt,Meginord's Girdle,,,,
Heavy Belt,Belt of the Deceiver,,,,
Heavy Belt,Bisco's Leash,,,,
Heavy Belt,Dyadian Dawn,,,,
Heavy Belt,Doryani's Invitation,,,,Atziri
Heavy Belt,String of Servitude,Incursion,,,Vaal Omnitect
Heavy Quiver,Broadstroke,,,X,
Hellion's Paw,Bloodseeker,,,,
Highborn Staff,Martyr of Innocence,,,,
Highland Blade,Rigwald's Charge,,,,
Holy Chainmail,Voll's Protector,Legion,,,
Hubris Circlet,Crown of Eyes,,,,
Hubris Circlet,Eber's Unification,,,,Pale Court
Hubris Circlet,Indigon,,,,Uber Elder
Hubris Circlet,Ylfeban's Trickery,Tempest,,,
Hydrascale Boots,Saqawal's Talons,Bestiary,,,Saqawal
Hydrascale Gauntlets,Farrul's Pounce,Bestiary,,,Farrul
Imbued Wand,Moonsorrow,,,,
Imperial Bow,Lioneye's Glare,,,,
Imperial Bow,Windripper,,,,
Imperial Claw,Hand of Wisdom and Action,Breach,,,Crafted
Imperial Claw,Izaro's Dilemma,,,,Labyrinth
Imperial Claw,Touch of Anguish,,,,
Imperial Maul,Tidebreaker,,,,
Imperial Skean,Divinarius,Legion,,,
Imperial Skean,White Wind,,,,
Imperial Staff,Agnerod East,,Recipe,,
Imperial Staff,Agnerod North,,Recipe,,
Imperial Staff,Agnerod South,,Recipe,,
Imperial Staff,Agnerod West,,Recipe,,
Imperial Staff,The Enmity Divine,Harbinger,,,Crafted
Imperial Staff Piece,First Piece of Brutality,Harbinger,Piece,,
Imperial Staff Piece,Second Piece of Brutality,Harbinger,Piece,,
Imperial Staff Piece,Third Piece of Brutality,Harbinger,Piece,,
Infernal Axe,Dyadus,,,,
Infernal Sword,Oro's Sacrifice,,,,
Infernal Sword,Starforge,,,,Shaper
Infernal Sword,Voidforge,,,,Uber Elder
Iron Circlet,Asenath's Mark,,Prophecy,,
Iron Circlet,Asenath's Chant,,,,Fated
Iron Gauntlets,Lochtonial Caress,,,,
Iron Hat,Ezomyte Hold,,,,Fated
Iron Hat,Ezomyte Peak,,Prophecy,,
Iron Mask,Malachai's Simula,,Prophecy,,
Iron Mask,Malachai's Awakening,,,,Fated
Iron Ring,Blackheart,,Prophecy,,
Iron Ring,Le Heup of All,,,,
Iron Ring,The Warden's Brand,,,,
Iron Ring,Voidheart,,,,Fated
Iron Sceptre,Spine of the First Claimant,,,,Labyrinth
Iron Staff,Dying Breath,,,,
Iron Staff,Realmshaper,,Prophecy,,
Iron Staff,Realm Ender,,,,Fated
Ironscale Boots,Dusktoe,,Prophecy,,
Ironscale Boots,Duskblight,,,,Fated
Ironscale Gauntlets,Flesh and Spirit,Rampage,,,
Ivory Spirit Shield,Kongming's Stratagem,,,,
Jade Amulet,Karui Ward,,Prophecy,,
Jade Amulet,Karui Charge,,,,Fated
Jade Amulet,The Halcyon,Breach,Upgradable,,
Jade Amulet,Rashkaldor's Patience,,,,
Jade Amulet,The Pandemonius,Breach,,,Crafted
Jade Hatchet,The Gryphon,,,,Fated
Jade Hatchet,The Screaming Eagle,,Prophecy,,
Jagged Foil,Fidelitas' Spike,,,,
Jagged Maul,Quecholli,,Prophecy,,
Jagged Maul,Panquetzaliztli,,,,Fated
Jasper Chopper,The Harvest,Beyond,,,
Jet Amulet,Talisman of the Victor,PVP Season 1|PVP Season 2,,X,
Jewelled Foil,Cospri's Malice,,,,
Jingling Spirit Shield,Light of Lunaris,,Recipe,,
Judgement Staff,Hegemony's Era,,,,
Judgement Staff,Pledge of Hands,Legion,,,
Karui Chopper,Kaom's Primacy,Legion,,,
Karui Maul,Marohi Erqi,Legion,,,
Karui Sceptre,Death's Hand,,,,
Labrys,Uul-Netol's Kiss,Breach,Upgradable,,
Lacquered Garb,Cloak of Defiance,,,,
Lacquered Garb,Victario's Influence,,,,
Lacquered Helmet,Black Sun Crest,,,,
Laminated Kite Shield,Victario's Charity,,,,
Lapis Amulet,Stone of Lazhwar,,,,
Lapis Amulet,Tear of Purity,,,,
Lapis Amulet,Marylene's Fallacy,,,,
Lapis Amulet,Voice of the Storm,Breach,Upgradable,,
Lapis Amulet,Choir of the Storm,Breach,,,Crafted
Large Hybrid Flask,Divination Distillate,,,,
Lathi,The Searing Touch,,,,
Latticed Ringmail,Icetomb,,Prophecy,,
Latticed Ringmail,Crystal Vault,,,,Fated
Leather Belt,Wurm's Molt,,,,
Leather Belt,Umbilicus Immortalis,Perandus,,,
Leather Belt,Headhunter,Nemesis,,,
Leather Belt,Immortal Flesh,,,,
Leather Belt,Cyclopean Coil,,,,Elder
Leather Belt,Gluttony,,,,
Leather Cap,Goldrim,,,,
Leather Hood,Heatshiver,,Prophecy,,
Leather Hood,Frostferno,,,,Fated
Legion Boots,Gang's Momentum,,,,
Legion Gloves,Null and Void,Rampage,,,
Legion Sword,Hyaon's Fury,,,,
Legion Sword,The Rippling Thoughts,Harbinger,,,Crafted
Legion Sword Piece,First Piece of the Arcane,Harbinger,Piece,,
Legion Sword Piece,Second Piece of the Arcane,Harbinger,Piece,,
Legion Sword Piece,Third Piece of the Arcane,Harbinger,Piece,,
Lion Pelt,Obscurantis,,,,Chimera
Lion Sword,Doomsower,,,,
Long Bow,Storm Cloud,,Prophecy,,
Long Bow,The Tempest,,,,Fated
Long Staff,Pillar of the Caged God,,,,
Lunaris Circlet,Doedre's Scorn,,,,
Maelström Staff,Disintegrator,,,,Uber Elder
Maelström Staff,Duskdawn,,,,Crafted
Maelström Staff,Taryn's Shiver,,,,
Magistrate Crown,Craiceann's Chitin,Bestiary,,,Craiceann
Magistrate Crown,Mask of the Stitched Demon,Incursion,,,Crafted
Marble Amulet,Bloodgrip,,,,
Meatgrinder,Brain Rattler,,,,Minotaur
Mesh Boots,Wake of Destruction,,,,
Midnight Blade,Ahn's Might,,,,
Midnight Blade,Razor of the Seventh Sun,,,,Phoenix
Midnight Blade,Rigwald's Command,Talisman,,,75+ Rigwald
Military Staff,Tremor Rod,,,,
Mind Cage,Rime Gaze,,,,
Mind Cage,Scold's Bridle,Torment,,,
Mirrored Spiked Shield,Leper's Alms,,,,The Eradicator
Moonstone Ring,Heartbound Loop,,,,
Moonstone Ring,Timeclasp,,Prophecy,,
Moonstone Ring,Shavronne's Revelation,Anarchy|Onslaught,,,
Moonstone Ring,Valyrium,,,,
Moonstone Ring,Timetwist,,,,Fated
Mosaic Kite Shield,Rise of the Phoenix,,,,
Murder Boots,Bubonic Trail,Abyss,,,Lich
Murder Boots,Voidwalker,,,,Shaper
Murder Mitts,Malachai's Mark,,,,
Murder Mitts,Thunderfist,,,,
Nailed Fist,Last Resort,,,,
Nailed Fist,Scar of Fate,Descent: Champions,,X,
Necromancer Circlet,Chitus' Apex,,,,
Necromancer Circlet,Fenumus' Toxins,Bestiary,,,
Necromancer Silks,Vis Mortis,,,,
Nightmare Bascinet,Devoto's Devotion,,,,
Nightmare Bascinet,The Bringer of Rain,,,,
Nightmare Mace,Nebuloch,,,,Elder
Nubuck Boots,Goldwyrm,,,,
Nubuck Gloves,Oskarm,,,,
Occultist's Vestment,Shavronne's Wrappings,,,,
Onyx Amulet,Astramentis,,,,
Onyx Amulet,Carnage Heart,,,,
Onyx Amulet,Eye of Chayula,,,,
Onyx Amulet,Hinekora's Sight,,,,Prophecy: Ancient Rivalries
Onyx Amulet,Presence of Chayula,Breach,,,Crafted
Onyx Amulet,Impresence,,,,Elder
Onyx Amulet,Yoke of Suffering,,,,
Opal Ring,Mark of the Shaper,,,,Uber Elder
Opal Ring,Stormfire,,,,
Opal Sceptre,Balefire,,,,
Opal Wand,Apep's Rage,,,,
Ornate Mace,Frostbreath,,,,
Ornate Ringmail,Lightbane Raiment,,,,
Ornate Sword,Queen's Decree,,Prophecy,,
Ornate Sword,Queen's Escape,,,,Fated
Painted Buckler,Kaltenhalt,,Prophecy,,
Painted Buckler,Kaltensoul,,,,Fated
Painted Tower Shield,Redblade Banner,Warbands,,,
Paua Amulet,Sidhebreath,,,,
Paua Amulet,Atziri's Foible,,,,
Paua Amulet,Sacrificial Heart,Incursion,Upgradable,,Vaal Omnitect
Paua Amulet,Zerphi's Heart,Incursion,,,Crafted
Paua Ring,Doedre's Damning,,,,
Paua Ring,Perandus Signet,,,,
Paua Ring,Praxis,,,,
Penetrating Arrow Quiver,Drillneck,,,,
Penetrating Arrow Quiver,Voidfletcher,,,,Uber Elder
Pine Buckler,Crest of Perandus,,,,
Pinnacle Tower Shield,Lioneye's Remorse,,,,
Pinnacle Tower Shield,Magna Eclipsis,,,,Crafted
Plank Kite Shield,Springleaf,,Prophecy,,
Plank Kite Shield,The Oak,,,,Fated
Plate Vest,Bramblejack,,Prophecy,,
Plate Vest,Wall of Brambles,,,,Fated
Plated Greaves,Stormcharger,,,,
Platinum Kris,Mark of the Doubting Knight,,,,
Platinum Sceptre,Singularity,,,,
Poleaxe,Wideswing,,,,
Polished Spiked Shield,Zeel's Amplifier,,,,
Praetor Crown,Ahn's Contempt,,,,
Praetor Crown,Malachai's Vision,,,,Crafted
Praetor Crown,Memory Vault,,,,The Enslaver
Praetor Crown,Voll's Vision,,,,
Primordial Staff,Femurs of the Saints,,,,
Prismatic Ring,Lori's Lantern,,,,
Prismatic Ring,The Taming,Nemesis|Domination,,,
Prismatic Ring,Thief's Torment,,,,
Prophecy Wand,Void Battery,,,,
Prophet Crown,Speaker's Wreath,,,,
Prophet Crown,The Brine Crown,,,,
Prophet Crown,The Broken Crown,,,,
Quartz Flask,Forbidden Taste,,,,
Quartz Flask,Soul Catcher,Incursion,Upgradable,,Vaal Omnitect
Quartz Flask,Soul Ripper,Incursion,,,Crafted
Quartz Wand,Ashcaller,,,,
Quicksilver Flask,Rotgut,,,,
Ranger Bow,Hopeshredder,,,,Elder
Ranger Bow,Null's Inclination,,,,
Raven Mask,The Gull,Domination,,,
Rawhide Boots,Seven-League Step,Perandus,,,
Rawhide Tower Shield,Lycosidae,,,,
Reaver Sword,Hiltless,,,,
Reaver Sword,The Dancing Dervish,,Prophecy,,
Reaver Sword,The Dancing Duo,,,,Fated
Recurve Bow,Roth's Reach,,,,
Regicide Mask,Crown of the Pale King,|Tempest,,,Pale Court
Regicide Mask,Gorgon's Gaze,,,,
Reinforced Greaves,Windscream,,Prophecy,,
Reinforced Greaves,Windshriek,,,,Fated
Reinforced Tower Shield,Titucius' Span,,,,
Ritual Sceptre,Brutus' Lead Sprinkler,Torment,,,
Riveted Boots,Ralakesh's Impatience,,,,
Rock Breaker,Clayshaper,,,,
Rotfeather Talisman,Natural Hierarchy,Talisman,,,
Rotted Round Shield,Wheel of the Stormsail,,,,
Royal Axe,Rigwald's Savagery,Talisman,,,75+ Rigwald
Royal Bow,Doomfletch,,Prophecy,,
Royal Bow,Doomfletch's Prism,,,,Fated
Royal Burgonet,The Formless Inferno,Breach,,,Crafted
Royal Skean,Heartbreaker,,Recipe,,
Royal Staff,The Stormheart,,Prophecy,,
Royal Staff,The Stormwall,,,,Fated
Ruby Amulet,Star of Wraeclast,,,,Crafted
Ruby Flask,Coruscating Elixir,,,,
Ruby Flask,Dying Sun,,,,Shaper
Ruby Ring,Emberwake,,,,
Ruby Ring,Mokou's Embrace,,,,
Ruby Ring,Ngamahu's Sign,Bloodlines,,,
Rusted Sword,Redbeak,,Prophecy,,
Rusted Sword,Dreadbeak,,,,Fated
Rusted Sword,Blood of Summer,Descent: Champions,,X,
Rustic Sash,Faminebind,Talisman,Recipe,,
Rustic Sash,Feastbind,Talisman,Recipe,,
Rustic Sash,Prismweave,,,,
Rustic Sash,The Retch,Talisman,,,Crafted
Sabre,The Princess,,,,
Sacrificial Garb,Atziri's Splendour,,,,Uber Atziri
Sacrificial Garb,Shadowstitch,Incursion,,,T3 Corruption Chamber (Locus of Corruption)
Sadist Garb,Inpulsa's Broken Heart,,,,
Sadist Garb,Tinkerskin,,,,
Sage Wand,Shade of Solaris,,Recipe,,
Sage Wand,Twyzel,,,,
Sage's Robe,Dialla's Malefaction,,,,
Sage's Robe,Zahndethus' Cassock,,,,
Saintly Chainmail,Incandescent Heart,,,,
Saintly Chainmail,Chains of Command,,,,
Samite Gloves,Kalisa's Grace,,,,
Samite Helmet,Hrimnor's Resolve,,,,
Sanctified Life Flask,Blood of the Karui,Domination|Nemesis,,,
Sanctified Mana Flask,Lavianga's Spirit,Domination|Nemesis,,,
Sapphire Flask,Taste of Hate,,,,
Sapphire Ring,Pyre,,,,
Sapphire Ring,Tasalio's Sign,Bloodlines,,,
Sapphire Ring,Dream Fragments,,,,
Sapphire Ring,Snakepit,,,,Hydra
Savant's Robe,Cloak of Tawm'r Isley,,,,Purchased: Level 8 Master
Scholar Boots,Shavronne's Gambit,,,,Fated
Scholar Boots,Shavronne's Pace,,Prophecy,,
Scholar's Robe,Cloak of Flame,,,,
Secutor Helm,Skullhead,,,,
Sentinel Jacket,Dendrobate,,,,
Serpentine Staff,Sire of Shards,,,,
Serpentscale Boots,Mutewind Whispersteps,Warbands,,,
Serpentscale Gauntlets,Haemophilia,,,,
Serrated Arrow Quiver,Cragfall,,,,Fated
Serrated Arrow Quiver,Craghead,,Prophecy,,
Shackled Boots,Dance of the Offered,Incursion,Upgradable,,T3 Lightning Workshop (Conduit of Lightning)
Shadow Axe,Reaper's Pursuit,,,,
Shadow Sceptre,Bitterdream,,,,
Shadow Sceptre,The Dark Seer,Beyond,,,
Shagreen Boots,Three-step Assault,,,,
Sharkskin Boots,The Blood Dance,,,,
Sharkskin Tunic,The Rat Cage,Torment,,,
Sharktooth Arrow Quiver,Hyrri's Bite,,Prophecy,,
Sharktooth Arrow Quiver,Hyrri's Demise,,,,Fated
Short Bow,Quill Rain,,,,
Short Bow,Relic of the Cycle,Descent: Champions,,X,
Siege Axe,Soul Taker,,Recipe,,
Siege Helmet,The Formless Flame,Breach,Upgradable,,
Silk Gloves,Asenath's Gentle Touch,Legion,,,
Silk Slippers,Bones of Ullr,,,,
Silken Hood,Saqawal's Flock,Bestiary,,,
Silken Hood,Starkonja's Head,,,,
Silver Flask,Kiara's Determination,,,,
Simple Robe,Skin of the Lords,Breach,,,Crafted
Simple Robe,Skin of the Loyal,Breach,Upgradable,,
Simple Robe,Tabula Rasa,,,,
Simple Robe,Thousand Ribbons,,,,
Sinner Tricorne,Alpha's Howl,,,,
Skinning Knife,Goredrill,,Prophecy,,
Skinning Knife,Sanguine Gambol,,,,Fated
Slaughter Knife,Bino's Kitchen Knife,,,,
Sledgehammer,Hrimnor's Hymn,,Prophecy,,
Sledgehammer,Hrimnor's Dirge,,,,Fated
Slink Boots,Atziri's Step,,,,Atziri
Slink Boots,Farrul's Chase,Bestiary,,,Farrul
Soldier Boots,Alberon's Warpath,,,,
Soldier Gloves,Southbound,,,,
Soldier Gloves,Saqawal's Winds,Bestiary,,,Saqawal
Soldier Helmet,Honourhome,Legion,,,
Sorcerer Boots,Skyforth,,,,
Sorcerer Boots,Steppan Eard,Warbands,,,
Sorcerer Gloves,Allelopathy,,,,
Spidersilk Robe,Soul Mantle,,,,
Spidersilk Robe,The Covenant,,,,
Spike-Point Arrow Quiver,Saemus' Gift,,,,
Spike-Point Arrow Quiver,Soul Strike,,,,
Spiked Club,Gorebreaker,,,,
Spine Bow,Reach of the Council,,,,Prophecy: The Feral Lord
Spine Bow,Voltaxic Rift,,,,
Spiraled Wand,Reverberation Rod,,Prophecy,,
Spiraled Wand,Tulborn,Breach,Upgradable,,
Spiraled Wand,Amplification Rod,,,,Fated
Stealth Boots,Garukhan's Flight,,,,
Stealth Boots,Sin Trek,,,,
Steel Gauntlets,Meginord's Vise,,,,
Steel Ring,Mark of the Elder,,,,Uber Elder
Steelhead,Jorrhast's Blacksteel,Tempest,,,
Steelscale Gauntlets,Aurseize,,,,
Steelscale Gauntlets,Tombfist,Abyss,,,Lich
Stibnite Flask,Sin's Rebirth,,,,
Stibnite Flask,Witchfire Brew,,,,
Stiletto,Bloodplay,,,,
Strapped Boots,Nomic's Storm,,,,
Strapped Leather,Briskwrap,,Prophecy,,
Strapped Leather,Wildwrap,,,,Fated
Strapped Mitts,Facebreaker,,,,
Strapped Mitts,Architect's Hand,Incursion,Upgradable,,T3 Trap Workshop (Defense Research Lab)
Studded Belt,The Magnate,,Prophecy,,
Studded Belt,Ryslatha's Coil,,,,
Studded Belt,The Nomad,,,,Fated
Studded Belt,The Tactician,,,,Fated
Studded Round Shield,The Deep One's Hide,,,,
Stygian Vise,Darkness Enthroned,Abyss,,,Lich
Sulphur Flask,The Overflowing Chalice,,,,
Sulphur Flask,The Sorrow of the Divine,Legion,,,
Sundering Axe,Wings of Entropy,,,,
Supreme Spiked Shield,Jaws of Agony,,,,
Tarnished Spirit Shield,Brinerot Flag,Warbands,,,
Tarnished Spirit Shield,Matua Tupuna,,Prophecy,,
Terror Claw,Rive,,,,
Terror Claw,The Scourge,,,,Chimera
Terror Maul,Kongor's Undying Rage,,,,
Thorium Spirit Shield,Esh's Mirror,Breach,Upgradable,,
Thresher Claw,Cybil's Paw,,,,
Throat Stabber,The Wasp Nest,,,,
Tiger Sword,Terminus Est,,,,
Timeworn Claw,Al Dhih,Legion,,,
Titan Gauntlets,Craiceann's Pincers,Bestiary,,,Craiceann
Titan Gauntlets,Veruso's Battering Rams,,,,
Titan Greaves,Kaom's Roots,,,,
Titan Greaves,The Red Trail,Breach,,,Crafted
Titanium Spirit Shield,Rathpith Globe,Legion,,,
Tomahawk,Moonbender's Wing,,,,
Topaz Flask,Vessel of Vinktar,,,,Avatar of Thunder
Topaz Ring,Kikazaru,,,,
Topaz Ring,Valako's Sign,Bloodlines,,,
Tornado Wand,Piscator's Vigil,,,,
Tornado Wand,Shimmeron,,,,Elder
Tornado Wand,Tulfall,Breach,,,Crafted
Trapper Boots,Brinerot Whalers,Warbands,,,
Tribal Circlet,Mark of the Red Covenant,,,,
Tricorne,Fairgraves' Tricorne,,,,
Triumphant Lamellar,Cherrubim's Maleficence,,,,
Triumphant Lamellar,Farrul's Fur,Bestiary,,,Farrul
Turquoise Amulet,Victario's Acuity,Onslaught,,,
Turquoise Amulet,Maligaro's Cruelty,,,,
Turquoise Amulet,Ungil's Harmony,,,,
Turquoise Amulet,Warped Timepiece,,,,
Twilight Blade,Prismatic Eclipse,,,,
Two-Point Arrow Quiver,Asphyxia's Wrath,,,,
Two-Point Arrow Quiver,Skirmish,,,,
Two-Point Arrow Quiver,Rigwald's Quills,Talisman,,,70+ Rigwald
Two-Stone Ring,Berek's Grip,Nemesis|Domination,Recipe,,
Two-Stone Ring,Berek's Pass,Nemesis|Domination,Recipe,,
Two-Stone Ring,Berek's Respite,Nemesis|Domination,Recipe,,
Two-Stone Ring,Call of the Brotherhood,,,,
Two-Stone Ring,Rigwald's Crest,Talisman,,,60+ Rigwald
Unset Ring,Malachai's Artifice,,,,
Unset Ring,Angler's Plait,,,,
Unset Ring,Essence Worm,,,,
Unset Ring,Brinerot Mark,Warbands,,,
Unset Ring,Mutewind Seal,Warbands,,,
Unset Ring,Redblade Band,Warbands,,,
Unset Ring,Voideye,Invasion|Ambush,,,
Unset Ring,The Pariah,Warbands,,,
Unset Ring,The Hungry Loop,,,,
Ursine Pelt,Rat's Nest,,,,
Vaal Axe,Hezmana's Bloodlust,,,,
Vaal Axe,Uul-Netol's Embrace,Breach,,,Crafted
Vaal Axe,Atziri's Disfavour,,,,Uber Atziri
Vaal Blade,Rebuke of the Vaal,Legion,,,
Vaal Blade,Varunastra,Perandus,,,
Vaal Buckler,Thousand Teeth Temu,,,,
Vaal Claw,Allure,,,,
Vaal Claw,Essentia Sanguis,,,,
Vaal Gauntlets,Atziri's Acuity,,,,Uber Atziri
Vaal Gauntlets,Doryani's Fist,,,,
Vaal Hatchet,"Jack, the Axe",,,,
Vaal Mask,The Vertex,,,,Uber Atziri
Vaal Regalia,The Beast Fur Shawl,,,,
Vaal Sceptre,Doon Cuebiyari,,,,
Vaal Sceptre,Doryani's Catalyst,,,,Atziri
Vaal Spirit Shield,Esh's Visage,Breach,,,Crafted
Vaal Spirit Shield,Apep's Supremacy,Incursion,,,Crafted
Vanguard Belt,Perseverance,,,,
Variscite Blade,Story of the Vaal,Incursion,Upgradable,,T3 Flame Workshop (Crucible of Flame)
Varnished Coat,Carcass Jack,,,,
Velvet Gloves,Doedre's Tenure,,Prophecy,,
Velvet Gloves,Doedre's Malevolence,,,,Fated
Velvet Slippers,Wondertrap,,Prophecy,,
Velvet Slippers,Greedtrap,,,,Fated
Vile Staff,The Whispering Ice,,,,
Vine Circlet,Crown of Thorns,,Prophecy,,
Vine Circlet,Martyr's Crown,,,,Fated
Visored Sallet,The Peregrine,,,,
Void Axe,Kitava's Feast,,,,
Void Sceptre,Augyre,,,,The Purifier
Void Sceptre,Mon'tregul's Grasp,,,,
War Buckler,Chalice of Horrors,,Prophecy,,
War Buckler,Thirst for Horrors,,,,Fated
War Hammer,Brightbeak,,,,
War Hammer,Lavianga's Wisdom,Legion,,,
War Sword,The Tempestuous Steel,,,,
Wereclaw Talisman,Rigwald's Curse,Talisman SC,,,
Whalebone Rapier,The Goddess Bound,,Recipe,,
Widowsilk Robe,Doedre's Skin,,,,
Widowsilk Robe,Infernal Mantle,,,,
Widowsilk Robe,Fenumus' Shroud,Bestiary,,,Fenumus
Wild Leather,Foxshade,,Prophecy,,
Wild Leather,Fox's Fortune,,,,Fated
Woodsplitter,Limbsplit,,Prophecy,,
Woodsplitter,The Cauteriser,,,,Fated
Wool Gloves,Sadima's Touch,,,,
Wool Shoes,Wanderlust,,,,
Wrapped Mitts,Ondar's Clasp,,,,
Wyrmscale Doublet,Gruthkul's Pelt,,,,
Wyrmscale Gauntlets,Wyrmsign,,,,
Zealot Gloves,Volkuur's Guidance,,,,Pale Court
Zealot Helmet,Kitava's Thirst,,,,
Zodiac Leather,Hyrri's Ire,,,,
Zodiac Leather,The Perfect Form,Breach,,,Crafted
Crusader Plate,The Iron Fortress,,,,Fated
Gold Amulet,Perquil's Toe,,,,
Plague Mask,Curtain Call,,,,
Judgement Staff,The Grey Spire,,,,
Blood Sceptre,Cerberus Limb,,,,"Ahuatotli, the Blind"
Onyx Amulet,Aul's Uprising,,,,"Aul, the Crystal King"
Riveted Gloves,Command of the Pit,,,,"Kurgal, the Blackblooded"
Magistrate Crown,Crown of the Tyrant,,,,"Aul, the Crystal King"
Satin Gloves,Demon Stitcher,,,,
Titan Greaves,Doryani's Delusion,,,,Doryani's Machinarium
Mind Cage,Hale Negator,,,,"Kurgal, the Blackblooded"
Unset Ring,Mark of Submission,,,,
Ezomyte Staff,Soulwrest,,,,
Chiming Spirit Shield,The Eternal Apple,,,,
Coral Amulet,The Primordial Chain,,,,
Great Mallet,Chaber Cairn,,,,Fated
Great Crown,Geofri's Legacy,,,,Fated
Sorcerer Boots,Doryani's Delusion,,,,Doryani's Machinarium
Slink Boots,Doryani's Delusion,,,,Doryani's Machinarium
Prismatic Ring,Precursor's Emblem,,,,Crafted
Two-Stone Ring,Precursor's Emblem,,,,Crafted
Topaz Ring,Precursor's Emblem,,,,Crafted
Sapphire Ring,Precursor's Emblem,,,,Crafted
Ruby Ring,Precursor's Emblem,,,,Crafted
Topaz Ring,Putembo's Valley,,Recipe,,"Ahuatotli, the Blind"
Topaz Ring,Putembo's Meadow,,Recipe,,"Kurgal, the Blackblooded"
Topaz Ring,Putembo's Mountain,,Recipe,,"Aul, the Crystal King"
Ruby Ring,Ahkeli's Valley,,Recipe,,"Kurgal, the Blackblooded"
Ruby Ring,Ahkeli's Mountain,,Recipe,,"Ahuatotli, the Blind"
Ruby Ring,Ahkeli's Meadow,,Recipe,,"Aul, the Crystal King"
Sapphire Ring,Uzaza's Meadow,,Recipe,,"Ahuatotli, the Blind"
Sapphire Ring,Uzaza's Mountain,,Recipe,,"Kurgal, the Blackblooded"
Sapphire Ring,Uzaza's Valley,,Recipe,,"Aul, the Crystal King"
Steelwood Bow,The Crimson Storm,,,,
Unset Ring,Vivinsect,,,,
Onyx Amulet,Solstice Vigil,,,,Shaper
Titanium Spirit Shield,Bitterbind Point,,,,"Catarina, Master of Undeath"
Silver Flask,Cinderswallow Urn,,,,"Catarina, Master of Undeath"
Dragonscale Gauntlets,Worldcarver,,,,
Vaal Rapier,Paradoxica,,,,
Vaal Regalia,The Queen's Hunger,,,,"Catarina, Master of Undeath"
Leather Belt,Hyperboreus,,,,
Necromancer Circlet,The Devouring Diadem,,,,"Catarina, Master of Undeath"
Solaris Circlet,Thundersight,,,,
Solaris Circlet,Galesight,,,,
Solaris Circlet,Flamesight,,,,
Tarnished Spirit Shield,Whakatutuki o Matua,,,,Fated
Embroidered Gloves,Vixen's Entrapment,,,,
Blood Raiment,The Eternity Shroud,,,,Shaper
Legion Boots,March of the Legion,Synthesis,,,
Sulphur Flask,Bottled Faith,Synthesis,,,Cortex Boss
Jade Amulet,Hyrri's Truth,Synthesis,,,
Ornate Quiver,Maloney's Mechanism,Synthesis,,,Cortex Boss
Ruby Ring,Circle of Anguish,Synthesis,Fractured,,Cortex Boss
Sapphire Ring,Circle of Fear,Synthesis,Fractured,,Cortex Boss
Iron Ring,Circle of Guilt,Synthesis,Fractured,,Cortex Boss
Amethyst Ring,Circle of Nostalgia,Synthesis,Fractured,,Cortex Boss
Topaz Ring,Circle of Regret,Synthesis,Fractured,,Cortex Boss
Savant's Robe,Garb of the Ephemeral,Synthesis,Fractured,,Cortex Boss
Ezomyte Spiked Shield,Perepiteia,Synthesis,Fractured,,Cortex Boss
Assassin's Mitts,Storm's Gift,Synthesis,Fractured,,
Legion Gloves,Offering to the Serpent,Synthesis,Fractured,,Cortex Boss
Void Sceptre,Nebulis,Synthesis,Fractured,,
Magistrate Crown,Mask of the Tribunal,Synthesis,Fractured,,Cortex Boss
Clasped Mitts,Aukuna's Will,Legion,,,
Steel Circlet,Maw of Conquest,Legion,,,
Vaal Mask,Fractal Thoughts,Legion,,,
Iron Circlet,Wreath of Phrecia,Legion,,,
Iron Staff,Pillar of the Caged God,Legion,,,
Tyrant's Sekhem,Sign of the Sin Eater,Legion,,,
Coral Amulet,Tavukai,Legion,,,
Golden Visage,Demigod's Immortality,Synthesis Flashback,,X,
Assassin's Boots,The Stampede,Blight,,,
Mesh Gloves,Triad Grip,Blight,,,
Ezomyte Dagger,Cold Iron Point,Blight,,,
Silken Hood,Cowl of the Cryophile,Blight,,,
Turquoise Amulet,Badge of the Brotherhood,Blight,,,
Murder Mitts,Machina Mitts,Blight,,,
Iron Ring,Icefang Orbit,Blight,,,
Antique Greaves,Torchoak Step,Blight,,,
Hydrascale Gauntlets,Breathstealer,Blight,,,
Solaris Circlet,Cowl of the Ceraunophile,Blight,,,
Ezomyte Burgonet,Cowl of the Thermophile,Blight,,,
Iron Ring,Icefang Orbit,Blight,,,
Loricated Ringmail,Rotting Legion,Blight,,,
Heavy Belt,Siegebreaker,Blight,,,
Saint's Hauberk,Sporeguard,Blight,,,
Citrine Amulet,The Jinxed Juju,Blight,,,
Iron Ring,Venopuncture,Blight,,,